strategy,peer_id,peer,stolen
none,1,1.2.185055,4415273.968333
none,2,1.2.1793984,3403969.846080
none,3,1.2.454358,2303268.489334
none,4,1.2.1151631,1448012.328209
none,5,1.2.1640328,1174365.982944
none,6,1.2.1789440,918846.288739
none,7,1.2.667956,821818.574160
none,8,1.2.550836,669909.425611
none,9,1.2.318837,465045.202030
none,10,1.2.31355,420748.172765
none,11,1.2.1784739,340283.536481
none,12,1.2.1791451,335400.686363
none,13,1.2.1652117,324900.530261
none,14,1.2.1784644,251101.043821
none,15,1.2.479068,173260.879422
none,16,1.2.1093439,123017.021920
none,17,1.2.1149711,110864.865211
none,18,1.2.1309978,79292.853618
none,19,1.2.1674829,66715.823129
none,20,1.2.1791772,56317.094760
none,21,1.2.158801,48699.613419
none,22,1.2.1598564,48681.131194
none,23,1.2.389683,48565.019605
none,24,1.2.1682766,43340.314321
none,25,1.2.1565108,37601.420782
none,26,1.2.1786525,33257.540800
none,27,1.2.1044551,29958.815308
none,28,1.2.1697614,29730.586891
none,29,1.2.168607,25222.887145
none,30,1.2.1792791,24444.481969
none,31,1.2.1787863,23807.622060
none,32,1.2.1685695,23493.701082
none,33,1.2.458173,23033.561294
none,34,1.2.851316,21417.690851
none,35,1.2.472753,15966.458633
none,36,1.2.1787884,13348.202893
none,37,1.2.976770,13136.384981
none,38,1.2.575053,12603.966804
none,39,1.2.1794469,12018.442141
none,40,1.2.1794383,11732.283509
none,41,1.2.1045118,11226.239056
none,42,1.2.1789370,10600.983970
none,43,1.2.1685300,8046.972634
none,44,1.2.307833,7130.188123
none,45,1.2.23851,5397.612883
none,46,1.2.1609864,5301.201570
none,47,1.2.1794232,4575.628612
none,48,1.2.1787429,4524.359475
none,49,1.2.1080665,3746.042555
none,50,1.2.1560396,3591.930432
none,51,1.2.1702356,3414.880427
none,52,1.2.1791116,2946.175431
none,53,1.2.1793952,2862.994747
none,54,1.2.1044489,2819.544000
none,55,1.2.616909,2803.221296
none,56,1.2.1693930,2756.687177
none,57,1.2.464144,2740.781923
none,58,1.2.1700976,2662.826097
none,59,1.2.973616,2485.188818
none,60,1.2.1599456,2368.504999
none,61,1.2.1702355,2147.652375
none,62,1.2.1787875,2047.636318
none,63,1.2.1656561,2024.122634
none,64,1.2.1790960,2020.109351
none,65,1.2.1791747,1934.689869
none,66,1.2.415588,1876.351742
none,67,1.2.1788328,1813.102897
none,68,1.2.798932,1678.075052
none,69,1.2.985286,1589.799874
none,70,1.2.96393,1567.847142
none,71,1.2.1791127,1489.966642
none,72,1.2.449259,1354.712167
none,73,1.2.643216,1343.104585
none,74,1.2.989566,1251.000639
none,75,1.2.738435,1233.779066
none,76,1.2.162910,1196.811928
none,77,1.2.1792317,1079.495311
none,78,1.2.1007395,1030.320260
none,79,1.2.1585627,886.258452
none,80,1.2.1790241,860.948259
none,81,1.2.507112,813.129697
none,82,1.2.1787212,776.359644
none,83,1.2.1216929,739.140153
none,84,1.2.1789431,694.745306
none,85,1.2.167550,665.602263
none,86,1.2.1622547,507.540966
none,87,1.2.1794010,491.494560
none,88,1.2.1794256,481.077854
none,89,1.2.859951,468.386935
none,90,1.2.467903,455.817600
none,91,1.2.1790831,454.699429
none,92,1.2.1702223,454.538281
none,93,1.2.885179,444.775530
none,94,1.2.1015430,441.593526
none,95,1.2.419257,428.527218
none,96,1.2.1692640,421.230095
none,97,1.2.1794347,419.637078
none,98,1.2.17391,412.833816
none,99,1.2.460566,409.018941
none,100,1.2.475905,401.487554
none,101,1.2.1079833,399.429088
none,102,1.2.869194,395.901808
none,103,1.2.1612065,380.067201
none,104,1.2.1794366,377.748319
none,105,1.2.1527690,346.967461
none,106,1.2.893838,340.374010
none,107,1.2.1046095,325.481473
none,108,1.2.976316,323.559722
none,109,1.2.686355,318.718627
none,110,1.2.595108,298.142361
none,111,1.2.374327,277.577649
none,112,1.2.624909,256.972721
none,113,1.2.354252,251.971005
none,114,1.2.1027082,246.554011
none,115,1.2.1794306,242.551940
none,116,1.2.1701788,224.041788
none,117,1.2.1791197,195.943008
none,118,1.2.838939,195.528862
none,119,1.2.1712903,178.735860
none,120,1.2.1793795,172.449619
none,121,1.2.1745161,165.262658
none,122,1.2.438881,162.523177
none,123,1.2.1702358,162.498974
none,124,1.2.1015960,160.975016
none,125,1.2.405882,158.114178
none,126,1.2.494166,156.478907
none,127,1.2.918409,151.939154
none,128,1.2.439803,150.594732
none,129,1.2.1785802,145.644579
none,130,1.2.1080950,143.475530
none,131,1.2.1014849,140.560230
none,132,1.2.1074128,140.147693
none,133,1.2.1701199,139.320246
none,134,1.2.1792396,134.139139
none,135,1.2.476290,118.193363
none,136,1.2.1624309,115.642430
none,137,1.2.1790873,115.138397
none,138,1.2.1789520,109.787939
none,139,1.2.1785921,104.345040
none,140,1.2.1232178,102.882597
none,141,1.2.863481,101.469840
none,142,1.2.1244699,101.062056
none,143,1.2.979104,100.309818
none,144,1.2.651176,98.629526
none,145,1.2.1787469,88.912075
none,146,1.2.1791263,86.933835
none,147,1.2.546229,83.690672
none,148,1.2.1786234,80.584458
none,149,1.2.979310,66.622500
none,150,1.2.1703996,65.142544
none,151,1.2.979112,64.261359
none,152,1.2.1624289,60.267174
none,153,1.2.1793851,59.703156
none,154,1.2.160566,58.072144
none,155,1.2.1760795,57.711047
none,156,1.2.1697981,56.609565
none,157,1.2.1790883,55.364919
none,158,1.2.1693380,55.273158
none,159,1.2.848364,54.262764
none,160,1.2.1698593,53.285257
none,161,1.2.1145946,49.284681
none,162,1.2.1793439,48.735106
none,163,1.2.1697906,47.304068
none,164,1.2.993702,47.040348
none,165,1.2.851056,46.049287
none,166,1.2.1787428,45.952240
none,167,1.2.139653,41.299181
none,168,1.2.501058,39.007720
none,169,1.2.1589478,38.157471
none,170,1.2.1212538,36.648444
none,171,1.2.1794114,35.201561
none,172,1.2.1787874,34.819492
none,173,1.2.1547129,33.622654
none,174,1.2.1794415,33.472682
none,175,1.2.1636918,31.235635
none,176,1.2.1041089,25.789203
none,177,1.2.704484,23.464077
none,178,1.2.979308,22.874002
none,179,1.2.1793853,20.804189
none,180,1.2.166341,20.199535
none,181,1.2.856408,19.683301
none,182,1.2.1761260,19.414588
none,183,1.2.882242,19.132401
none,184,1.2.379718,19.064120
none,185,1.2.1030274,18.885664
none,186,1.2.1026240,18.642850
none,187,1.2.36352,16.743748
none,188,1.2.1790765,16.678872
none,189,1.2.1151254,16.275764
none,190,1.2.1693770,16.089720
none,191,1.2.564621,15.945221
none,192,1.2.1728259,15.767048
none,193,1.2.1794058,14.222121
none,194,1.2.1790593,13.695160
none,195,1.2.1696272,13.670346
none,196,1.2.457829,12.788430
none,197,1.2.1310892,11.675836
none,198,1.2.1147513,11.634590
none,199,1.2.1701088,11.507801
none,200,1.2.900244,10.219036
none,201,1.2.1765504,10.045298
none,202,1.2.1622513,9.804506
none,203,1.2.1704500,9.558495
none,204,1.2.1789947,9.160372
none,205,1.2.1691915,8.952058
none,206,1.2.1789409,8.591986
none,207,1.2.1764996,8.589324
none,208,1.2.379846,8.534564
none,209,1.2.1790854,8.514115
none,210,1.2.1085020,8.391033
none,211,1.2.1793973,8.219677
none,212,1.2.1015080,8.213053
none,213,1.2.1755084,8.174506
none,214,1.2.1279823,6.687316
none,215,1.2.1611571,6.553185
none,216,1.2.996390,6.430188
none,217,1.2.1691170,6.191181
none,218,1.2.1682489,6.162463
none,219,1.2.1702717,6.077568
none,220,1.2.1703576,6.075481
none,221,1.2.1790612,6.055224
none,222,1.2.1790409,5.826763
none,223,1.2.1623744,5.756058
none,224,1.2.739820,5.470761
none,225,1.2.1624291,5.294857
none,226,1.2.602724,5.182370
none,227,1.2.1787603,4.851085
none,228,1.2.1616054,4.715812
none,229,1.2.1793995,4.695615
none,230,1.2.1594102,4.613030
none,231,1.2.914904,4.313349
none,232,1.2.1149707,4.305560
none,233,1.2.1788384,3.978442
none,234,1.2.1793924,3.968413
none,235,1.2.1147594,3.767617
none,236,1.2.1760977,3.367585
none,237,1.2.1794329,3.268148
none,238,1.2.549541,3.172746
none,239,1.2.1047708,3.007505
none,240,1.2.1011190,2.965593
none,241,1.2.1794257,2.885162
none,242,1.2.1033232,2.861033
none,243,1.2.846304,2.810875
none,244,1.2.1685879,2.667760
none,245,1.2.1697359,2.131651
none,246,1.2.1047654,2.116047
none,247,1.2.1115250,2.017794
none,248,1.2.1703895,1.901765
none,249,1.2.837252,1.823270
none,250,1.2.389282,1.736474
none,251,1.2.1008724,1.713559
none,252,1.2.1008632,1.470379
none,253,1.2.1046934,1.449997
none,254,1.2.1660004,1.418556
none,255,1.2.311782,1.251903
none,256,1.2.1148017,1.232644
none,257,1.2.1037037,1.138964
none,258,1.2.1279773,1.136061
none,259,1.2.1787554,1.129554
none,260,1.2.389463,1.062511
none,261,1.2.1147288,1.054757
none,262,1.2.1790267,0.936148
none,263,1.2.1090977,0.932813
none,264,1.2.1678751,0.915928
none,265,1.2.986310,0.792472
none,266,1.2.1006240,0.770117
none,267,1.2.1790157,0.754660
none,268,1.2.1010560,0.705782
none,269,1.2.902737,0.680232
none,270,1.2.142245,0.577016
none,271,1.2.584419,0.562459
none,272,1.2.1789489,0.555898
none,273,1.2.1149962,0.480745
none,274,1.2.1042548,0.476367
none,275,1.2.1779088,0.437480
none,276,1.2.1298878,0.383692
none,277,1.2.358650,0.377345
none,278,1.2.1007458,0.349215
none,279,1.2.1150252,0.259482
none,280,1.2.1586264,0.248866
none,281,1.2.1043072,0.247919
none,282,1.2.1635303,0.229232
none,283,1.2.1008142,0.227008
none,284,1.2.1031189,0.225236
none,285,1.2.529074,0.174732
none,286,1.2.1666544,0.171317
none,287,1.2.1790780,0.156594
none,288,1.2.1067172,0.136520
none,289,1.2.1047047,0.111054
none,290,1.2.1007611,0.098485
none,291,1.2.1068155,0.076919
none,292,1.2.1792787,0.067105
none,293,1.2.1794097,0.059286
none,294,1.2.1010821,0.055610
none,295,1.2.1149701,0.041290
none,296,1.2.976509,0.035200
none,297,1.2.357567,0.034914
none,298,1.2.1702813,0.028804
none,299,1.2.498146,0.026978
none,300,1.2.1073129,0.023740
none,301,1.2.1792848,0.018992
none,302,1.2.478585,0.016823
none,303,1.2.1147424,0.013010
none,304,1.2.372925,0.011184
none,305,1.2.986325,0.010028
none,306,1.2.1063314,0.009496
none,307,1.2.501579,0.006252
none,308,1.2.1006667,0.004491
none,309,1.2.1147462,0.003254
none,310,1.2.1790839,0.002541
none,311,1.2.1793468,0.000003
none,312,1.2.961193,0.000002
none,313,1.2.1792533,0.000000
none,314,1.2.1784146,0.000000
INC_SET(2),1,1.2.185055,3983040.145654
INC_SET(2),2,1.2.1793984,1701984.813272
INC_SET(2),3,1.2.454358,1151634.244667
INC_SET(2),4,1.2.1151631,724006.163238
INC_SET(2),5,1.2.1640328,587182.990924
INC_SET(2),6,1.2.1789440,459423.144325
INC_SET(2),7,1.2.667956,410909.048182
INC_SET(2),8,1.2.550836,334953.595051
INC_SET(2),9,1.2.318837,232521.327263
INC_SET(2),10,1.2.31355,210374.086224
INC_SET(2),11,1.2.1784739,170141.767762
INC_SET(2),12,1.2.1791451,167700.316990
INC_SET(2),13,1.2.1652117,162450.264318
INC_SET(2),14,1.2.1784644,125550.521621
INC_SET(2),15,1.2.479068,86630.439525
INC_SET(2),16,1.2.1093439,61508.509195
INC_SET(2),17,1.2.1149711,55432.700522
INC_SET(2),18,1.2.1309978,39646.426809
INC_SET(2),19,1.2.1674829,33357.911508
INC_SET(2),20,1.2.1791772,28158.547324
INC_SET(2),21,1.2.158801,24349.806679
INC_SET(2),22,1.2.1598564,24340.563928
INC_SET(2),23,1.2.389683,24282.506632
INC_SET(2),24,1.2.1682766,21670.157157
INC_SET(2),25,1.2.1565108,18799.797030
INC_SET(2),26,1.2.1786525,16628.764056
INC_SET(2),27,1.2.1044551,14978.580338
INC_SET(2),28,1.2.1697614,14865.293426
INC_SET(2),29,1.2.168607,12611.443526
INC_SET(2),30,1.2.1792791,12222.240866
INC_SET(2),31,1.2.1787863,11903.810653
INC_SET(2),32,1.2.1685695,11746.850518
INC_SET(2),33,1.2.458173,11516.780487
INC_SET(2),34,1.2.851316,10708.845419
INC_SET(2),35,1.2.472753,7983.229317
INC_SET(2),36,1.2.1787884,6674.101441
INC_SET(2),37,1.2.976770,6568.192490
INC_SET(2),38,1.2.575053,6301.983367
INC_SET(2),39,1.2.1794469,6009.221061
INC_SET(2),40,1.2.1794383,5864.423892
INC_SET(2),41,1.2.1045118,5613.119517
INC_SET(2),42,1.2.1789370,5300.491933
INC_SET(2),43,1.2.1685300,4023.486296
INC_SET(2),44,1.2.307833,3565.094061
INC_SET(2),45,1.2.23851,2698.805074
INC_SET(2),46,1.2.1609864,2650.587366
INC_SET(2),47,1.2.1794232,2287.814304
INC_SET(2),48,1.2.1787429,2262.179733
INC_SET(2),49,1.2.1080665,1873.021278
INC_SET(2),50,1.2.1560396,1795.956089
INC_SET(2),51,1.2.1702356,1706.613719
INC_SET(2),52,1.2.1791116,1473.086855
INC_SET(2),53,1.2.1793952,1431.497373
INC_SET(2),54,1.2.1044489,1409.789780
INC_SET(2),55,1.2.616909,1401.610643
INC_SET(2),56,1.2.1693930,1378.343583
INC_SET(2),57,1.2.464144,1370.390960
INC_SET(2),58,1.2.1700976,1331.410421
INC_SET(2),59,1.2.973616,1242.053062
INC_SET(2),60,1.2.1599456,1184.252487
INC_SET(2),61,1.2.1702355,1073.826187
INC_SET(2),62,1.2.1787875,1023.818145
INC_SET(2),63,1.2.1656561,1012.059267
INC_SET(2),64,1.2.1790960,1010.054639
INC_SET(2),65,1.2.1791747,967.344905
INC_SET(2),66,1.2.415588,938.175871
INC_SET(2),67,1.2.1788328,906.551334
INC_SET(2),68,1.2.798932,842.520479
INC_SET(2),69,1.2.985286,794.899918
INC_SET(2),70,1.2.96393,783.923471
INC_SET(2),71,1.2.1791127,744.983298
INC_SET(2),72,1.2.449259,677.355698
INC_SET(2),73,1.2.643216,671.552165
INC_SET(2),74,1.2.989566,625.500307
INC_SET(2),75,1.2.738435,616.889496
INC_SET(2),76,1.2.162910,598.405964
INC_SET(2),77,1.2.1792317,539.747369
INC_SET(2),78,1.2.1007395,515.160113
INC_SET(2),79,1.2.1585627,443.129212
INC_SET(2),80,1.2.1790241,430.473621
INC_SET(2),81,1.2.507112,406.564845
INC_SET(2),82,1.2.1787212,388.179792
INC_SET(2),83,1.2.1216929,369.566985
INC_SET(2),84,1.2.1789431,347.372651
INC_SET(2),85,1.2.167550,332.801131
INC_SET(2),86,1.2.1622547,253.757135
INC_SET(2),87,1.2.1794010,245.747231
INC_SET(2),88,1.2.1794256,240.538924
INC_SET(2),89,1.2.859951,234.193467
INC_SET(2),90,1.2.467903,227.908800
INC_SET(2),91,1.2.1790831,227.349712
INC_SET(2),92,1.2.1702223,227.269141
INC_SET(2),93,1.2.885179,222.387765
INC_SET(2),94,1.2.1015430,220.534457
INC_SET(2),95,1.2.419257,214.263608
INC_SET(2),96,1.2.1692640,210.615028
INC_SET(2),97,1.2.1794347,209.790050
INC_SET(2),98,1.2.17391,206.416906
INC_SET(2),99,1.2.460566,204.509437
INC_SET(2),100,1.2.475905,200.743776
INC_SET(2),101,1.2.1079833,199.714202
INC_SET(2),102,1.2.869194,197.950899
INC_SET(2),103,1.2.1612065,190.033600
INC_SET(2),104,1.2.1794366,188.873738
INC_SET(2),105,1.2.1527690,173.483445
INC_SET(2),106,1.2.893838,170.186955
INC_SET(2),107,1.2.1046095,162.740729
INC_SET(2),108,1.2.976316,161.779711
INC_SET(2),109,1.2.686355,159.359314
INC_SET(2),110,1.2.595108,149.070901
INC_SET(2),111,1.2.374327,138.788710
INC_SET(2),112,1.2.624909,128.486352
INC_SET(2),113,1.2.354252,125.985502
INC_SET(2),114,1.2.1027082,123.276998
INC_SET(2),115,1.2.1794306,121.247482
INC_SET(2),116,1.2.1701788,112.818569
INC_SET(2),117,1.2.838939,97.764429
INC_SET(2),118,1.2.1712903,89.367927
INC_SET(2),119,1.2.1793795,86.223976
INC_SET(2),120,1.2.1745161,82.631280
INC_SET(2),121,1.2.438881,81.261587
INC_SET(2),122,1.2.1702358,81.135533
INC_SET(2),123,1.2.1015960,80.487507
INC_SET(2),124,1.2.405882,79.057085
INC_SET(2),125,1.2.494166,78.239445
INC_SET(2),126,1.2.918409,75.969577
INC_SET(2),127,1.2.439803,75.297362
INC_SET(2),128,1.2.1785802,72.822289
INC_SET(2),129,1.2.1080950,71.737765
INC_SET(2),130,1.2.1014849,70.280114
INC_SET(2),131,1.2.1074128,70.073845
INC_SET(2),132,1.2.1701199,69.659987
INC_SET(2),133,1.2.1792396,67.069569
INC_SET(2),134,1.2.476290,59.096316
INC_SET(2),135,1.2.1624309,57.820832
INC_SET(2),136,1.2.1790873,57.569198
INC_SET(2),137,1.2.1789520,54.893959
INC_SET(2),138,1.2.1785921,52.171465
INC_SET(2),139,1.2.1232178,51.441296
INC_SET(2),140,1.2.863481,50.733475
INC_SET(2),141,1.2.1244699,50.531028
INC_SET(2),142,1.2.979104,49.851272
INC_SET(2),143,1.2.651176,49.314759
INC_SET(2),144,1.2.1787469,44.456016
INC_SET(2),145,1.2.1791263,43.466913
INC_SET(2),146,1.2.546229,41.845336
INC_SET(2),147,1.2.1786234,40.292143
INC_SET(2),148,1.2.979310,33.311200
INC_SET(2),149,1.2.1703996,32.571259
INC_SET(2),150,1.2.979112,32.029467
INC_SET(2),151,1.2.1624289,30.133587
INC_SET(2),152,1.2.1793851,29.851555
INC_SET(2),153,1.2.160566,29.036072
INC_SET(2),154,1.2.1760795,28.855522
INC_SET(2),155,1.2.1697981,28.304783
INC_SET(2),156,1.2.1790883,27.682459
INC_SET(2),157,1.2.1693380,27.636579
INC_SET(2),158,1.2.848364,27.131382
INC_SET(2),159,1.2.1698593,26.642616
INC_SET(2),160,1.2.1145946,24.642340
INC_SET(2),161,1.2.1793439,24.367549
INC_SET(2),162,1.2.1697906,23.652034
INC_SET(2),163,1.2.993702,23.520174
INC_SET(2),164,1.2.851056,23.024615
INC_SET(2),165,1.2.1787428,22.975980
INC_SET(2),166,1.2.139653,20.649425
INC_SET(2),167,1.2.501058,19.503859
INC_SET(2),168,1.2.1791197,19.415589
INC_SET(2),169,1.2.1589478,19.078733
INC_SET(2),170,1.2.1212538,18.324219
INC_SET(2),171,1.2.1794114,17.600645
INC_SET(2),172,1.2.1787874,17.409746
INC_SET(2),173,1.2.1547129,16.811327
INC_SET(2),174,1.2.1794415,16.736341
INC_SET(2),175,1.2.1636918,15.617817
INC_SET(2),176,1.2.1041089,12.894601
INC_SET(2),177,1.2.704484,11.732032
INC_SET(2),178,1.2.1151254,11.096970
INC_SET(2),179,1.2.979308,10.728514
INC_SET(2),180,1.2.1793853,10.402094
INC_SET(2),181,1.2.166341,10.099765
INC_SET(2),182,1.2.856408,9.841644
INC_SET(2),183,1.2.1761260,9.707294
INC_SET(2),184,1.2.882242,9.566187
INC_SET(2),185,1.2.379718,9.532060
INC_SET(2),186,1.2.1030274,9.442832
INC_SET(2),187,1.2.1026240,9.319411
INC_SET(2),188,1.2.36352,8.371874
INC_SET(2),189,1.2.1790765,8.339422
INC_SET(2),190,1.2.1693770,8.044860
INC_SET(2),191,1.2.1147513,7.998516
INC_SET(2),192,1.2.564621,7.972606
INC_SET(2),193,1.2.1728259,7.883424
INC_SET(2),194,1.2.1794058,7.111044
INC_SET(2),195,1.2.1790593,6.847579
INC_SET(2),196,1.2.1696272,6.835092
INC_SET(2),197,1.2.457829,6.394215
INC_SET(2),198,1.2.1310892,5.837870
INC_SET(2),199,1.2.1701088,5.753900
INC_SET(2),200,1.2.900244,5.109491
INC_SET(2),201,1.2.1765504,5.022649
INC_SET(2),202,1.2.1622513,4.902253
INC_SET(2),203,1.2.1704500,4.779248
INC_SET(2),204,1.2.1789947,4.580178
INC_SET(2),205,1.2.1691915,4.476029
INC_SET(2),206,1.2.1789409,4.295972
INC_SET(2),207,1.2.1764996,4.294656
INC_SET(2),208,1.2.379846,4.267282
INC_SET(2),209,1.2.1790854,4.257058
INC_SET(2),210,1.2.1085020,4.195515
INC_SET(2),211,1.2.1793973,4.109762
INC_SET(2),212,1.2.1015080,4.106494
INC_SET(2),213,1.2.1755084,4.087253
INC_SET(2),214,1.2.1149707,3.577844
INC_SET(2),215,1.2.739820,3.503650
INC_SET(2),216,1.2.1279823,3.343658
INC_SET(2),217,1.2.1611571,3.276593
INC_SET(2),218,1.2.996390,3.215001
INC_SET(2),219,1.2.1691170,3.095586
INC_SET(2),220,1.2.1682489,3.081231
INC_SET(2),221,1.2.1702717,3.038784
INC_SET(2),222,1.2.1703576,3.037740
INC_SET(2),223,1.2.1790612,3.027608
INC_SET(2),224,1.2.1790409,2.913382
INC_SET(2),225,1.2.1623744,2.878029
INC_SET(2),226,1.2.1624291,2.647427
INC_SET(2),227,1.2.602724,2.591185
INC_SET(2),228,1.2.1787603,2.425542
INC_SET(2),229,1.2.1616054,2.357906
INC_SET(2),230,1.2.1793995,2.347761
INC_SET(2),231,1.2.1594102,2.306514
INC_SET(2),232,1.2.1011190,2.189931
INC_SET(2),233,1.2.914904,2.156673
INC_SET(2),234,1.2.1788384,1.989221
INC_SET(2),235,1.2.1793924,1.984207
INC_SET(2),236,1.2.1147594,1.883809
INC_SET(2),237,1.2.1760977,1.683791
INC_SET(2),238,1.2.1794329,1.634065
INC_SET(2),239,1.2.549541,1.586373
INC_SET(2),240,1.2.1047708,1.503752
INC_SET(2),241,1.2.1794257,1.442487
INC_SET(2),242,1.2.1033232,1.430517
INC_SET(2),243,1.2.1010560,1.411564
INC_SET(2),244,1.2.846304,1.405438
INC_SET(2),245,1.2.1685879,1.333880
INC_SET(2),246,1.2.1115250,1.099407
INC_SET(2),247,1.2.1697359,1.065825
INC_SET(2),248,1.2.1047654,1.058023
INC_SET(2),249,1.2.1703895,0.950883
INC_SET(2),250,1.2.1046934,0.941607
INC_SET(2),251,1.2.1008632,0.925789
INC_SET(2),252,1.2.837252,0.911635
INC_SET(2),253,1.2.389282,0.868237
INC_SET(2),254,1.2.1008724,0.856779
INC_SET(2),255,1.2.1660004,0.709278
INC_SET(2),256,1.2.1007458,0.698430
INC_SET(2),257,1.2.1148017,0.676636
INC_SET(2),258,1.2.311782,0.625838
INC_SET(2),259,1.2.1147288,0.624810
INC_SET(2),260,1.2.1037037,0.569482
INC_SET(2),261,1.2.1279773,0.568030
INC_SET(2),262,1.2.1787554,0.564609
INC_SET(2),263,1.2.389463,0.531255
INC_SET(2),264,1.2.1150252,0.518963
INC_SET(2),265,1.2.1790267,0.467980
INC_SET(2),266,1.2.1090977,0.466324
INC_SET(2),267,1.2.1678751,0.457964
INC_SET(2),268,1.2.1006240,0.432183
INC_SET(2),269,1.2.986310,0.396207
INC_SET(2),270,1.2.1790157,0.377329
INC_SET(2),271,1.2.1149962,0.347205
INC_SET(2),272,1.2.902737,0.340116
INC_SET(2),273,1.2.142245,0.288508
INC_SET(2),274,1.2.584419,0.281229
INC_SET(2),275,1.2.1789489,0.277947
INC_SET(2),276,1.2.1042548,0.238183
INC_SET(2),277,1.2.1779088,0.217430
INC_SET(2),278,1.2.1298878,0.191846
INC_SET(2),279,1.2.358650,0.188672
INC_SET(2),280,1.2.1586264,0.124433
INC_SET(2),281,1.2.1043072,0.123959
INC_SET(2),282,1.2.1635303,0.114616
INC_SET(2),283,1.2.1008142,0.113503
INC_SET(2),284,1.2.1031189,0.112618
INC_SET(2),285,1.2.529074,0.087366
INC_SET(2),286,1.2.1666544,0.085658
INC_SET(2),287,1.2.1790780,0.078297
INC_SET(2),288,1.2.1147424,0.071557
INC_SET(2),289,1.2.1067172,0.068252
INC_SET(2),290,1.2.1047047,0.055527
INC_SET(2),291,1.2.1007611,0.049242
INC_SET(2),292,1.2.1068155,0.038460
INC_SET(2),293,1.2.1792787,0.033313
INC_SET(2),294,1.2.1794097,0.029643
INC_SET(2),295,1.2.1010821,0.027805
INC_SET(2),296,1.2.1149701,0.020645
INC_SET(2),297,1.2.976509,0.017600
INC_SET(2),298,1.2.357567,0.017457
INC_SET(2),299,1.2.1702813,0.014402
INC_SET(2),300,1.2.498146,0.013489
INC_SET(2),301,1.2.1073129,0.011870
INC_SET(2),302,1.2.1792848,0.009496
INC_SET(2),303,1.2.478585,0.008411
INC_SET(2),304,1.2.372925,0.005591
INC_SET(2),305,1.2.986325,0.005014
INC_SET(2),306,1.2.1063314,0.004748
INC_SET(2),307,1.2.501579,0.003126
INC_SET(2),308,1.2.1006667,0.002245
INC_SET(2),309,1.2.1147462,0.001627
INC_SET(2),310,1.2.1790839,0.001271
INC_SET(2),311,1.2.1793468,0.000002
INC_SET(2),312,1.2.961193,0.000001
INC_SET(2),313,1.2.1792533,0.000000
INC_SET(2),314,1.2.1784146,0.000000
RESTRICT,1,1.2.458173,155.091780
RESTRICT,2,1.2.17391,139.037555
RESTRICT,3,1.2.162910,112.840766
RESTRICT,4,1.2.985286,111.866752
RESTRICT,5,1.2.550836,102.370372
RESTRICT,6,1.2.1790960,100.521817
RESTRICT,7,1.2.1015430,100.321832
RESTRICT,8,1.2.667956,100.100605
RESTRICT,9,1.2.1565108,99.999733
RESTRICT,10,1.2.1790241,99.999455
RESTRICT,11,1.2.318837,99.999144
RESTRICT,12,1.2.1793984,99.998804
RESTRICT,13,1.2.1149711,99.998749
RESTRICT,14,1.2.738435,99.998605
RESTRICT,15,1.2.1692640,99.997581
RESTRICT,16,1.2.185055,99.997562
RESTRICT,17,1.2.476290,99.997521
RESTRICT,18,1.2.1609864,99.997136
RESTRICT,19,1.2.1788328,99.996824
RESTRICT,20,1.2.1791197,99.996135
RESTRICT,21,1.2.1794366,99.994279
RESTRICT,22,1.2.1656561,99.994028
RESTRICT,23,1.2.1790831,99.993967
RESTRICT,24,1.2.1682766,99.992836
RESTRICT,25,1.2.863481,99.992715
RESTRICT,26,1.2.1792317,99.990355
RESTRICT,27,1.2.1599456,99.990044
RESTRICT,28,1.2.1074128,99.985732
RESTRICT,29,1.2.1007395,99.983850
RESTRICT,30,1.2.989566,99.983798
RESTRICT,31,1.2.1015960,99.982691
RESTRICT,32,1.2.307833,99.978261
RESTRICT,33,1.2.1560396,99.976265
RESTRICT,34,1.2.1232178,99.973223
RESTRICT,35,1.2.575053,99.971639
RESTRICT,36,1.2.1585627,99.970501
RESTRICT,37,1.2.1652117,99.962569
RESTRICT,38,1.2.1622547,99.956036
RESTRICT,39,1.2.1093439,99.955160
RESTRICT,40,1.2.1700976,99.949404
RESTRICT,41,1.2.1787863,99.946228
RESTRICT,42,1.2.1027082,99.941882
RESTRICT,43,1.2.158801,99.939952
RESTRICT,44,1.2.1793851,99.937769
RESTRICT,45,1.2.1789370,99.937546
RESTRICT,46,1.2.1703996,99.934808
RESTRICT,47,1.2.1701788,99.933628
RESTRICT,48,1.2.1785921,99.931602
RESTRICT,49,1.2.616909,99.924799
RESTRICT,50,1.2.472753,99.903209
RESTRICT,51,1.2.798932,99.887291
RESTRICT,52,1.2.1697614,99.875544
RESTRICT,53,1.2.1309978,99.860681
RESTRICT,54,1.2.686355,99.853959
RESTRICT,55,1.2.1598564,99.847251
RESTRICT,56,1.2.1044551,99.815138
RESTRICT,57,1.2.979104,99.811307
RESTRICT,58,1.2.96393,99.792991
RESTRICT,59,1.2.1745161,99.786771
RESTRICT,60,1.2.1216929,99.756383
RESTRICT,61,1.2.1787469,99.732102
RESTRICT,62,1.2.885179,99.669709
RESTRICT,63,1.2.1791116,99.667623
RESTRICT,64,1.2.479068,99.649489
RESTRICT,65,1.2.1789440,99.616970
RESTRICT,66,1.2.1685695,99.616489
RESTRICT,67,1.2.1786234,99.591379
RESTRICT,68,1.2.389683,99.487931
RESTRICT,69,1.2.1151631,99.485086
RESTRICT,70,1.2.1787884,99.449183
RESTRICT,71,1.2.1787212,99.403987
RESTRICT,72,1.2.1792396,99.372641
RESTRICT,73,1.2.643216,99.358049
RESTRICT,74,1.2.848364,99.311097
RESTRICT,75,1.2.1674829,99.303275
RESTRICT,76,1.2.460566,99.276892
RESTRICT,77,1.2.1701199,99.202013
RESTRICT,78,1.2.1791127,99.180772
RESTRICT,79,1.2.1794010,99.068375
RESTRICT,80,1.2.405882,99.006495
RESTRICT,81,1.2.1791747,98.897885
RESTRICT,82,1.2.651176,98.724346
RESTRICT,83,1.2.595108,98.667042
RESTRICT,84,1.2.1789520,98.522827
RESTRICT,85,1.2.1785802,98.512670
RESTRICT,86,1.2.1791451,98.462773
RESTRICT,87,1.2.1794383,98.456602
RESTRICT,88,1.2.973616,98.412279
RESTRICT,89,1.2.168607,98.303509
RESTRICT,90,1.2.1794256,98.262541
RESTRICT,91,1.2.1793952,98.245346
RESTRICT,92,1.2.1790873,98.135932
RESTRICT,93,1.2.1787875,98.065204
RESTRICT,94,1.2.449259,98.007351
RESTRICT,95,1.2.1787429,97.992263
RESTRICT,96,1.2.859951,97.837743
RESTRICT,97,1.2.31355,97.809468
RESTRICT,98,1.2.1640328,97.696855
RESTRICT,99,1.2.976316,97.554922
RESTRICT,100,1.2.1712903,97.385080
RESTRICT,101,1.2.1702356,97.119784
RESTRICT,102,1.2.1791263,97.097744
RESTRICT,103,1.2.438881,96.984505
RESTRICT,104,1.2.1527690,96.394374
RESTRICT,105,1.2.1791772,95.920598
RESTRICT,106,1.2.475905,95.844385
RESTRICT,107,1.2.1793795,95.822210
RESTRICT,108,1.2.1702355,95.519121
RESTRICT,109,1.2.681077,94.466771
RESTRICT,110,1.2.631208,94.431700
RESTRICT,111,1.2.1080950,94.272178
RESTRICT,112,1.2.1784739,94.243732
RESTRICT,113,1.2.1693930,93.195259
RESTRICT,114,1.2.415588,93.048704
RESTRICT,115,1.2.624909,92.851443
RESTRICT,116,1.2.1624309,92.487195
RESTRICT,117,1.2.851316,91.018917
RESTRICT,118,1.2.1145946,90.685688
RESTRICT,119,1.2.1612065,89.494337
RESTRICT,120,1.2.23851,88.515903
RESTRICT,121,1.2.1698593,88.097460
RESTRICT,122,1.2.1244699,87.838485
RESTRICT,123,1.2.1794469,86.879267
RESTRICT,124,1.2.1624289,86.035556
RESTRICT,125,1.2.470128,85.599621
RESTRICT,126,1.2.1790883,85.589811
RESTRICT,127,1.2.1685300,84.853594
RESTRICT,128,1.2.1210779,84.392173
RESTRICT,129,1.2.546229,83.690672
RESTRICT,130,1.2.15898,83.012340
RESTRICT,131,1.2.1789431,81.734742
RESTRICT,132,1.2.167550,80.201721
RESTRICT,133,1.2.1784644,78.886544
RESTRICT,134,1.2.494166,78.254252
RESTRICT,135,1.2.869194,77.796019
RESTRICT,136,1.2.996390,77.484737
RESTRICT,137,1.2.1794232,77.024887
RESTRICT,138,1.2.918409,75.889893
RESTRICT,139,1.2.979112,75.588759
RESTRICT,140,1.2.1702358,74.184314
RESTRICT,141,1.2.463047,71.143461
RESTRICT,142,1.2.893838,70.325231
RESTRICT,143,1.2.1079833,66.905819
RESTRICT,144,1.2.979310,66.622500
RESTRICT,145,1.2.774118,64.688312
RESTRICT,146,1.2.358650,64.618361
RESTRICT,147,1.2.1760795,64.124220
RESTRICT,148,1.2.851056,61.897164
RESTRICT,149,1.2.36352,60.226277
RESTRICT,150,1.2.160566,58.072144
RESTRICT,151,1.2.1697981,56.609565
RESTRICT,152,1.2.1693380,55.273158
RESTRICT,153,1.2.602724,52.617789
RESTRICT,154,1.2.139653,51.888715
RESTRICT,155,1.2.1793064,50.912657
RESTRICT,156,1.2.976770,49.086429
RESTRICT,157,1.2.1793439,48.735106
RESTRICT,158,1.2.1697906,47.304068
RESTRICT,159,1.2.993702,47.040348
RESTRICT,160,1.2.1793853,46.750358
RESTRICT,161,1.2.838939,46.198746
RESTRICT,162,1.2.1787428,46.074522
RESTRICT,163,1.2.1789410,45.666213
RESTRICT,164,1.2.882242,43.254268
RESTRICT,165,1.2.1026240,40.186526
RESTRICT,166,1.2.501058,39.007720
RESTRICT,167,1.2.1030274,38.293031
RESTRICT,168,1.2.1787874,38.192647
RESTRICT,169,1.2.1589478,38.157471
RESTRICT,170,1.2.1046095,37.455427
RESTRICT,171,1.2.1790765,37.051722
RESTRICT,172,1.2.1212538,36.648444
RESTRICT,173,1.2.1080665,36.175855
RESTRICT,174,1.2.1794114,35.201561
RESTRICT,175,1.2.1547129,34.103513
RESTRICT,176,1.2.464144,33.817390
RESTRICT,177,1.2.1794415,33.472682
RESTRICT,178,1.2.1761260,32.247021
RESTRICT,179,1.2.1636918,31.235635
RESTRICT,180,1.2.856408,29.712750
RESTRICT,181,1.2.1151071,27.899857
RESTRICT,182,1.2.979308,27.428560
RESTRICT,183,1.2.1041089,25.789203
RESTRICT,184,1.2.439803,24.919000
RESTRICT,185,1.2.704484,23.464077
RESTRICT,186,1.2.1622513,21.755440
RESTRICT,187,1.2.166341,20.199535
RESTRICT,188,1.2.379718,19.067653
RESTRICT,189,1.2.419257,19.051074
RESTRICT,190,1.2.1310892,18.451776
RESTRICT,191,1.2.1789947,18.320744
RESTRICT,192,1.2.1793973,18.304201
RESTRICT,193,1.2.1691915,17.835086
RESTRICT,194,1.2.1151254,16.275764
RESTRICT,195,1.2.1693770,16.089720
RESTRICT,196,1.2.1794329,16.036712
RESTRICT,197,1.2.564621,15.945221
RESTRICT,198,1.2.1728259,15.767048
RESTRICT,199,1.2.1794058,15.202281
RESTRICT,200,1.2.1790593,13.695160
RESTRICT,201,1.2.1696272,13.670346
RESTRICT,202,1.2.1624291,13.637831
RESTRICT,203,1.2.457829,12.788430
RESTRICT,204,1.2.1786579,12.405740
RESTRICT,205,1.2.507908,12.102800
RESTRICT,206,1.2.1147513,11.946889
RESTRICT,207,1.2.1701088,11.507801
RESTRICT,208,1.2.1085020,10.874665
RESTRICT,209,1.2.900244,10.219036
RESTRICT,210,1.2.1765504,10.045298
RESTRICT,211,1.2.1788639,10.031676
RESTRICT,212,1.2.1704500,9.558495
RESTRICT,213,1.2.1764996,8.851014
RESTRICT,214,1.2.1789409,8.591986
RESTRICT,215,1.2.379846,8.534564
RESTRICT,216,1.2.1790854,8.514115
RESTRICT,217,1.2.1015080,8.417584
RESTRICT,218,1.2.1755084,8.174506
RESTRICT,219,1.2.1691170,7.540515
RESTRICT,220,1.2.1703576,7.084320
RESTRICT,221,1.2.1279823,6.687316
RESTRICT,222,1.2.914904,6.566766
RESTRICT,223,1.2.1611571,6.555472
RESTRICT,224,1.2.1682489,6.162463
RESTRICT,225,1.2.1702717,6.077568
RESTRICT,226,1.2.1790612,6.055224
RESTRICT,227,1.2.1790409,5.826763
RESTRICT,228,1.2.1623744,5.756058
RESTRICT,229,1.2.739820,5.470761
RESTRICT,230,1.2.461583,5.369492
RESTRICT,231,1.2.1787603,4.851085
RESTRICT,232,1.2.1616054,4.715812
RESTRICT,233,1.2.1793995,4.695615
RESTRICT,234,1.2.1594102,4.613030
RESTRICT,235,1.2.1149707,4.305560
RESTRICT,236,1.2.1788384,3.978442
RESTRICT,237,1.2.1793924,3.968413
RESTRICT,238,1.2.1147594,3.767617
RESTRICT,239,1.2.1760977,3.367585
RESTRICT,240,1.2.1790587,3.333964
RESTRICT,241,1.2.549541,3.172746
RESTRICT,242,1.2.1011190,3.073850
RESTRICT,243,1.2.1047708,3.007505
RESTRICT,244,1.2.846304,2.981807
RESTRICT,245,1.2.1033232,2.861033
RESTRICT,246,1.2.1678751,2.749336
RESTRICT,247,1.2.1681722,2.725627
RESTRICT,248,1.2.1685879,2.667760
RESTRICT,249,1.2.1044489,2.410668
RESTRICT,250,1.2.1045118,2.169357
RESTRICT,251,1.2.1697359,2.131651
RESTRICT,252,1.2.1047654,2.116047
RESTRICT,253,1.2.507112,2.106242
RESTRICT,254,1.2.837252,1.975210
RESTRICT,255,1.2.1115250,1.957454
RESTRICT,256,1.2.1703895,1.901766
RESTRICT,257,1.2.389282,1.736474
RESTRICT,258,1.2.1008724,1.713559
RESTRICT,259,1.2.1046934,1.558301
RESTRICT,260,1.2.1148017,1.473129
RESTRICT,261,1.2.1008632,1.470379
RESTRICT,262,1.2.1660004,1.418556
RESTRICT,263,1.2.986310,1.395440
RESTRICT,264,1.2.311782,1.251903
RESTRICT,265,1.2.1037037,1.138964
RESTRICT,266,1.2.1279773,1.136061
RESTRICT,267,1.2.1787554,1.129554
RESTRICT,268,1.2.389463,1.062511
RESTRICT,269,1.2.1147288,0.989803
RESTRICT,270,1.2.1790267,0.936148
RESTRICT,271,1.2.1090977,0.932813
RESTRICT,272,1.2.1790157,0.849622
RESTRICT,273,1.2.1794257,0.838566
RESTRICT,274,1.2.1006240,0.742166
RESTRICT,275,1.2.1010560,0.705782
RESTRICT,276,1.2.902737,0.680232
RESTRICT,277,1.2.1789489,0.661034
RESTRICT,278,1.2.1063314,0.624379
RESTRICT,279,1.2.142245,0.577016
RESTRICT,280,1.2.584419,0.562459
RESTRICT,281,1.2.1149962,0.480745
RESTRICT,282,1.2.1042548,0.476367
RESTRICT,283,1.2.1779088,0.440755
RESTRICT,284,1.2.1298878,0.383692
RESTRICT,285,1.2.1007458,0.349215
RESTRICT,286,1.2.1007611,0.295454
RESTRICT,287,1.2.1008142,0.291868
RESTRICT,288,1.2.1150252,0.259482
RESTRICT,289,1.2.1586264,0.248866
RESTRICT,290,1.2.1043072,0.247919
RESTRICT,291,1.2.1635303,0.229232
RESTRICT,292,1.2.1031189,0.225236
RESTRICT,293,1.2.529074,0.174732
RESTRICT,294,1.2.1666544,0.171317
RESTRICT,295,1.2.1790780,0.156594
RESTRICT,296,1.2.1147424,0.143113
RESTRICT,297,1.2.1067172,0.136520
RESTRICT,298,1.2.1047047,0.111054
RESTRICT,299,1.2.1702813,0.086413
RESTRICT,300,1.2.1792787,0.079598
RESTRICT,301,1.2.1068155,0.076919
RESTRICT,302,1.2.1794097,0.059286
RESTRICT,303,1.2.1010821,0.055610
RESTRICT,304,1.2.1149701,0.041290
RESTRICT,305,1.2.976509,0.035200
RESTRICT,306,1.2.357567,0.034914
RESTRICT,307,1.2.498146,0.028316
RESTRICT,308,1.2.1073129,0.023740
RESTRICT,309,1.2.1792848,0.018992
RESTRICT,310,1.2.478585,0.016823
RESTRICT,311,1.2.986325,0.012535
RESTRICT,312,1.2.372925,0.011184
RESTRICT,313,1.2.501579,0.006252
RESTRICT,314,1.2.1006667,0.004491
RESTRICT,315,1.2.1147462,0.003254
RESTRICT,316,1.2.1790839,0.002541
RESTRICT,317,1.2.1793468,0.000003
RESTRICT,318,1.2.961193,0.000002
RESTRICT,319,1.2.1792533,0.000000
RESTRICT,320,1.2.1784146,0.000000
RESTRICT+INC_SET,1,1.2.458173,214.412268
RESTRICT+INC_SET,2,1.2.686355,162.917938
RESTRICT+INC_SET,3,1.2.1149711,159.552797
RESTRICT+INC_SET,4,1.2.162910,115.714956
RESTRICT+INC_SET,5,1.2.985286,107.649366
RESTRICT+INC_SET,6,1.2.643216,107.084508
RESTRICT+INC_SET,7,1.2.17391,105.611567
RESTRICT+INC_SET,8,1.2.979104,104.264652
RESTRICT+INC_SET,9,1.2.1015430,100.564702
RESTRICT+INC_SET,10,1.2.1794366,100.095040
RESTRICT+INC_SET,11,1.2.31355,100.061077
RESTRICT+INC_SET,12,1.2.1790960,100.047521
RESTRICT+INC_SET,13,1.2.1682766,100.000000
RESTRICT+INC_SET,14,1.2.798932,99.999998
RESTRICT+INC_SET,15,1.2.1790831,99.999996
RESTRICT+INC_SET,16,1.2.1007395,99.999994
RESTRICT+INC_SET,17,1.2.318837,99.999984
RESTRICT+INC_SET,18,1.2.1599456,99.999983
RESTRICT+INC_SET,19,1.2.1145946,99.999982
RESTRICT+INC_SET,20,1.2.550836,99.999966
RESTRICT+INC_SET,21,1.2.185055,99.999950
RESTRICT+INC_SET,22,1.2.1027082,99.999939
RESTRICT+INC_SET,23,1.2.1790241,99.999938
RESTRICT+INC_SET,24,1.2.1788328,99.999928
RESTRICT+INC_SET,25,1.2.1692640,99.999919
RESTRICT+INC_SET,26,1.2.893838,99.999919
RESTRICT+INC_SET,27,1.2.1560396,99.999899
RESTRICT+INC_SET,28,1.2.1151631,99.999873
RESTRICT+INC_SET,29,1.2.1609864,99.999868
RESTRICT+INC_SET,30,1.2.1787863,99.999859
RESTRICT+INC_SET,31,1.2.464144,99.999857
RESTRICT+INC_SET,32,1.2.1791116,99.999849
RESTRICT+INC_SET,33,1.2.1044551,99.999847
RESTRICT+INC_SET,34,1.2.1701788,99.999831
RESTRICT+INC_SET,35,1.2.1585627,99.999831
RESTRICT+INC_SET,36,1.2.575053,99.999827
RESTRICT+INC_SET,37,1.2.1787884,99.999821
RESTRICT+INC_SET,38,1.2.1046095,99.999816
RESTRICT+INC_SET,39,1.2.1785921,99.999795
RESTRICT+INC_SET,40,1.2.476290,99.999784
RESTRICT+INC_SET,41,1.2.1793984,99.999743
RESTRICT+INC_SET,42,1.2.1674829,99.999693
RESTRICT+INC_SET,43,1.2.1787212,99.999681
RESTRICT+INC_SET,44,1.2.1015960,99.999667
RESTRICT+INC_SET,45,1.2.1656561,99.999663
RESTRICT+INC_SET,46,1.2.1786234,99.999611
RESTRICT+INC_SET,47,1.2.863481,99.999609
RESTRICT+INC_SET,48,1.2.1789520,99.999509
RESTRICT+INC_SET,49,1.2.1791127,99.999483
RESTRICT+INC_SET,50,1.2.738435,99.999482
RESTRICT+INC_SET,51,1.2.989566,99.999476
RESTRICT+INC_SET,52,1.2.1792317,99.999383
RESTRICT+INC_SET,53,1.2.667956,99.999378
RESTRICT+INC_SET,54,1.2.1700976,99.999294
RESTRICT+INC_SET,55,1.2.1093439,99.999260
RESTRICT+INC_SET,56,1.2.616909,99.999108
RESTRICT+INC_SET,57,1.2.1791451,99.999105
RESTRICT+INC_SET,58,1.2.1216929,99.999071
RESTRICT+INC_SET,59,1.2.1703996,99.999016
RESTRICT+INC_SET,60,1.2.1652117,99.998806
RESTRICT+INC_SET,61,1.2.307833,99.998737
RESTRICT+INC_SET,62,1.2.973616,99.998707
RESTRICT+INC_SET,63,1.2.1565108,99.998692
RESTRICT+INC_SET,64,1.2.1622547,99.998232
RESTRICT+INC_SET,65,1.2.1784739,99.998216
RESTRICT+INC_SET,66,1.2.1789370,99.998058
RESTRICT+INC_SET,67,1.2.1712903,99.997408
RESTRICT+INC_SET,68,1.2.1787469,99.997220
RESTRICT+INC_SET,69,1.2.1793851,99.996283
RESTRICT+INC_SET,70,1.2.1685300,99.996013
RESTRICT+INC_SET,71,1.2.1598564,99.995782
RESTRICT+INC_SET,72,1.2.389683,99.995692
RESTRICT+INC_SET,73,1.2.848364,99.993641
RESTRICT+INC_SET,74,1.2.1785802,99.993469
RESTRICT+INC_SET,75,1.2.1745161,99.993214
RESTRICT+INC_SET,76,1.2.1792396,99.992741
RESTRICT+INC_SET,77,1.2.1701199,99.990884
RESTRICT+INC_SET,78,1.2.1794010,99.990128
RESTRICT+INC_SET,79,1.2.885179,99.989668
RESTRICT+INC_SET,80,1.2.1697614,99.988913
RESTRICT+INC_SET,81,1.2.1232178,99.987978
RESTRICT+INC_SET,82,1.2.1794232,99.987679
RESTRICT+INC_SET,83,1.2.631208,99.986500
RESTRICT+INC_SET,84,1.2.1793795,99.986412
RESTRICT+INC_SET,85,1.2.1074128,99.985732
RESTRICT+INC_SET,86,1.2.976316,99.982922
RESTRICT+INC_SET,87,1.2.479068,99.979801
RESTRICT+INC_SET,88,1.2.996390,99.979096
RESTRICT+INC_SET,89,1.2.1790873,99.975718
RESTRICT+INC_SET,90,1.2.1685695,99.975274
RESTRICT+INC_SET,91,1.2.158801,99.974863
RESTRICT+INC_SET,92,1.2.472753,99.974769
RESTRICT+INC_SET,93,1.2.1693930,99.973412
RESTRICT+INC_SET,94,1.2.438881,99.973188
RESTRICT+INC_SET,95,1.2.1640328,99.972809
RESTRICT+INC_SET,96,1.2.1527690,99.970433
RESTRICT+INC_SET,97,1.2.1624309,99.967551
RESTRICT+INC_SET,98,1.2.507112,99.966797
RESTRICT+INC_SET,99,1.2.23851,99.966269
RESTRICT+INC_SET,100,1.2.96393,99.960018
RESTRICT+INC_SET,101,1.2.1080665,99.959600
RESTRICT+INC_SET,102,1.2.1702356,99.958804
RESTRICT+INC_SET,103,1.2.1309978,99.958036
RESTRICT+INC_SET,104,1.2.1789440,99.953533
RESTRICT+INC_SET,105,1.2.1791263,99.948142
RESTRICT+INC_SET,106,1.2.1794383,99.943707
RESTRICT+INC_SET,107,1.2.1791197,99.943431
RESTRICT+INC_SET,108,1.2.463047,99.939624
RESTRICT+INC_SET,109,1.2.1787429,99.937734
RESTRICT+INC_SET,110,1.2.449259,99.930942
RESTRICT+INC_SET,111,1.2.1791747,99.928071
RESTRICT+INC_SET,112,1.2.851316,99.923396
RESTRICT+INC_SET,113,1.2.1794256,99.917331
RESTRICT+INC_SET,114,1.2.460566,99.898533
RESTRICT+INC_SET,115,1.2.1789431,99.898018
RESTRICT+INC_SET,116,1.2.415588,99.891223
RESTRICT+INC_SET,117,1.2.1793952,99.882768
RESTRICT+INC_SET,118,1.2.1702355,99.881609
RESTRICT+INC_SET,119,1.2.859951,99.874985
RESTRICT+INC_SET,120,1.2.1794469,99.853121
RESTRICT+INC_SET,121,1.2.470128,99.851658
RESTRICT+INC_SET,122,1.2.168607,99.850082
RESTRICT+INC_SET,123,1.2.1791772,99.821789
RESTRICT+INC_SET,124,1.2.595108,99.800418
RESTRICT+INC_SET,125,1.2.976770,99.764198
RESTRICT+INC_SET,126,1.2.1787875,99.760267
RESTRICT+INC_SET,127,1.2.681077,99.758201
RESTRICT+INC_SET,128,1.2.624909,99.733365
RESTRICT+INC_SET,129,1.2.494166,99.672749
RESTRICT+INC_SET,130,1.2.1612065,99.623617
RESTRICT+INC_SET,131,1.2.475905,99.617304
RESTRICT+INC_SET,132,1.2.1599329,99.502481
RESTRICT+INC_SET,133,1.2.1792791,99.462657
RESTRICT+INC_SET,134,1.2.1080950,99.416950
RESTRICT+INC_SET,135,1.2.419257,99.413759
RESTRICT+INC_SET,136,1.2.1702358,99.368237
RESTRICT+INC_SET,137,1.2.1786525,99.241703
RESTRICT+INC_SET,138,1.2.405882,99.006495
RESTRICT+INC_SET,139,1.2.602724,98.951816
RESTRICT+INC_SET,140,1.2.1784644,98.856414
RESTRICT+INC_SET,141,1.2.651176,98.629526
RESTRICT+INC_SET,142,1.2.1698593,98.032876
RESTRICT+INC_SET,143,1.2.918409,97.675170
RESTRICT+INC_SET,144,1.2.869194,97.668478
RESTRICT+INC_SET,145,1.2.1044489,96.419878
RESTRICT+INC_SET,146,1.2.802401,95.986296
RESTRICT+INC_SET,147,1.2.838939,95.975451
RESTRICT+INC_SET,148,1.2.1790883,95.664775
RESTRICT+INC_SET,149,1.2.467903,95.174050
RESTRICT+INC_SET,150,1.2.1210779,94.941195
RESTRICT+INC_SET,151,1.2.1624289,94.625016
RESTRICT+INC_SET,152,1.2.1079833,94.616110
RESTRICT+INC_SET,153,1.2.1244699,94.450271
RESTRICT+INC_SET,154,1.2.374327,92.525731
RESTRICT+INC_SET,155,1.2.1702223,90.907656
RESTRICT+INC_SET,156,1.2.439803,87.756866
RESTRICT+INC_SET,157,1.2.354252,83.990335
RESTRICT+INC_SET,158,1.2.1794347,83.927416
RESTRICT+INC_SET,159,1.2.546229,83.690672
RESTRICT+INC_SET,160,1.2.15898,83.012340
RESTRICT+INC_SET,161,1.2.1794306,80.850647
RESTRICT+INC_SET,162,1.2.167550,80.201721
RESTRICT+INC_SET,163,1.2.979112,72.230359
RESTRICT+INC_SET,164,1.2.1014849,70.280114
RESTRICT+INC_SET,165,1.2.979310,66.622500
RESTRICT+INC_SET,166,1.2.851056,65.447330
RESTRICT+INC_SET,167,1.2.774118,64.688312
RESTRICT+INC_SET,168,1.2.1760795,64.124220
RESTRICT+INC_SET,169,1.2.36352,61.945891
RESTRICT+INC_SET,170,1.2.577822,60.226415
RESTRICT+INC_SET,171,1.2.160566,59.286010
RESTRICT+INC_SET,172,1.2.1697981,56.609565
RESTRICT+INC_SET,173,1.2.1693380,55.273158
RESTRICT+INC_SET,174,1.2.1793064,50.912657
RESTRICT+INC_SET,175,1.2.1793439,48.735106
RESTRICT+INC_SET,176,1.2.139653,48.711855
RESTRICT+INC_SET,177,1.2.1697906,47.304068
RESTRICT+INC_SET,178,1.2.993702,47.040348
RESTRICT+INC_SET,179,1.2.1793853,46.750358
RESTRICT+INC_SET,180,1.2.1787428,46.074522
RESTRICT+INC_SET,181,1.2.501058,45.736700
RESTRICT+INC_SET,182,1.2.1789410,45.666213
RESTRICT+INC_SET,183,1.2.882242,43.254268
RESTRICT+INC_SET,184,1.2.1026240,41.284991
RESTRICT+INC_SET,185,1.2.1030274,38.710394
RESTRICT+INC_SET,186,1.2.1787874,38.192647
RESTRICT+INC_SET,187,1.2.1589478,38.157471
RESTRICT+INC_SET,188,1.2.1212538,36.914337
RESTRICT+INC_SET,189,1.2.1790765,36.827844
RESTRICT+INC_SET,190,1.2.1794114,35.201561
RESTRICT+INC_SET,191,1.2.1547129,34.237501
RESTRICT+INC_SET,192,1.2.1794415,33.472682
RESTRICT+INC_SET,193,1.2.1761260,32.247021
RESTRICT+INC_SET,194,1.2.1636918,31.235943
RESTRICT+INC_SET,195,1.2.856408,29.712750
RESTRICT+INC_SET,196,1.2.1151071,27.899857
RESTRICT+INC_SET,197,1.2.979308,25.910374
RESTRICT+INC_SET,198,1.2.1041089,25.789203
RESTRICT+INC_SET,199,1.2.379846,25.603691
RESTRICT+INC_SET,200,1.2.704484,23.464077
RESTRICT+INC_SET,201,1.2.1622513,21.052444
RESTRICT+INC_SET,202,1.2.166341,20.199535
RESTRICT+INC_SET,203,1.2.379718,19.068242
RESTRICT+INC_SET,204,1.2.1310892,18.794938
RESTRICT+INC_SET,205,1.2.1793973,18.204358
RESTRICT+INC_SET,206,1.2.1691915,17.835086
RESTRICT+INC_SET,207,1.2.1151254,16.275764
RESTRICT+INC_SET,208,1.2.1693770,16.089720
RESTRICT+INC_SET,209,1.2.564621,15.945221
RESTRICT+INC_SET,210,1.2.1789947,15.831994
RESTRICT+INC_SET,211,1.2.1728259,15.767048
RESTRICT+INC_SET,212,1.2.1794058,15.202281
RESTRICT+INC_SET,213,1.2.1794329,14.402638
RESTRICT+INC_SET,214,1.2.1790593,13.695160
RESTRICT+INC_SET,215,1.2.1696272,13.670346
RESTRICT+INC_SET,216,1.2.1624291,13.666584
RESTRICT+INC_SET,217,1.2.457829,12.788430
RESTRICT+INC_SET,218,1.2.1786579,12.405740
RESTRICT+INC_SET,219,1.2.507908,12.102800
RESTRICT+INC_SET,220,1.2.1147513,11.946889
RESTRICT+INC_SET,221,1.2.1701088,11.507801
RESTRICT+INC_SET,222,1.2.900244,10.219036
RESTRICT+INC_SET,223,1.2.1765504,10.045298
RESTRICT+INC_SET,224,1.2.1788639,10.031676
RESTRICT+INC_SET,225,1.2.1085020,9.632849
RESTRICT+INC_SET,226,1.2.1704500,9.558495
RESTRICT+INC_SET,227,1.2.1764996,8.851014
RESTRICT+INC_SET,228,1.2.1789409,8.591986
RESTRICT+INC_SET,229,1.2.1790854,8.514115
RESTRICT+INC_SET,230,1.2.1015080,8.322136
RESTRICT+INC_SET,231,1.2.1755084,8.193499
RESTRICT+INC_SET,232,1.2.1691170,7.540515
RESTRICT+INC_SET,233,1.2.1703576,7.084320
RESTRICT+INC_SET,234,1.2.1279823,6.687316
RESTRICT+INC_SET,235,1.2.914904,6.566766
RESTRICT+INC_SET,236,1.2.1611571,6.555472
RESTRICT+INC_SET,237,1.2.1682489,6.162463
RESTRICT+INC_SET,238,1.2.1702717,6.077568
RESTRICT+INC_SET,239,1.2.1790612,6.055224
RESTRICT+INC_SET,240,1.2.1790409,5.826763
RESTRICT+INC_SET,241,1.2.1623744,5.756058
RESTRICT+INC_SET,242,1.2.739820,5.470761
RESTRICT+INC_SET,243,1.2.461583,5.369492
RESTRICT+INC_SET,244,1.2.1787603,4.851085
RESTRICT+INC_SET,245,1.2.1616054,4.715812
RESTRICT+INC_SET,246,1.2.1793995,4.695615
RESTRICT+INC_SET,247,1.2.1594102,4.613030
RESTRICT+INC_SET,248,1.2.1149707,4.305560
RESTRICT+INC_SET,249,1.2.1788384,3.978442
RESTRICT+INC_SET,250,1.2.1793924,3.968413
RESTRICT+INC_SET,251,1.2.1147594,3.767617
RESTRICT+INC_SET,252,1.2.1760977,3.367585
RESTRICT+INC_SET,253,1.2.1790587,3.333964
RESTRICT+INC_SET,254,1.2.549541,3.172746
RESTRICT+INC_SET,255,1.2.846304,3.152738
RESTRICT+INC_SET,256,1.2.1047708,3.007505
RESTRICT+INC_SET,257,1.2.1011190,2.965593
RESTRICT+INC_SET,258,1.2.1794257,2.885162
RESTRICT+INC_SET,259,1.2.1033232,2.861033
RESTRICT+INC_SET,260,1.2.1678751,2.749336
RESTRICT+INC_SET,261,1.2.1681722,2.725627
RESTRICT+INC_SET,262,1.2.1685879,2.667760
RESTRICT+INC_SET,263,1.2.1697359,2.131651
RESTRICT+INC_SET,264,1.2.1047654,2.116047
RESTRICT+INC_SET,265,1.2.837252,2.051179
RESTRICT+INC_SET,266,1.2.1045118,2.039195
RESTRICT+INC_SET,267,1.2.1115250,2.017794
RESTRICT+INC_SET,268,1.2.1703895,1.901766
RESTRICT+INC_SET,269,1.2.389282,1.736474
RESTRICT+INC_SET,270,1.2.1008724,1.713559
RESTRICT+INC_SET,271,1.2.1148017,1.580641
RESTRICT+INC_SET,272,1.2.1046934,1.558301
RESTRICT+INC_SET,273,1.2.1008632,1.470379
RESTRICT+INC_SET,274,1.2.1660004,1.418556
RESTRICT+INC_SET,275,1.2.986310,1.395440
RESTRICT+INC_SET,276,1.2.311782,1.251903
RESTRICT+INC_SET,277,1.2.1037037,1.138964
RESTRICT+INC_SET,278,1.2.1279773,1.136061
RESTRICT+INC_SET,279,1.2.1787554,1.129554
RESTRICT+INC_SET,280,1.2.389463,1.062511
RESTRICT+INC_SET,281,1.2.1147288,0.989803
RESTRICT+INC_SET,282,1.2.1790267,0.936148
RESTRICT+INC_SET,283,1.2.1090977,0.932813
RESTRICT+INC_SET,284,1.2.1790157,0.849622
RESTRICT+INC_SET,285,1.2.1006240,0.745392
RESTRICT+INC_SET,286,1.2.1010560,0.705782
RESTRICT+INC_SET,287,1.2.902737,0.680232
RESTRICT+INC_SET,288,1.2.1789489,0.661034
RESTRICT+INC_SET,289,1.2.1063314,0.622005
RESTRICT+INC_SET,290,1.2.142245,0.577016
RESTRICT+INC_SET,291,1.2.584419,0.562459
RESTRICT+INC_SET,292,1.2.1149962,0.534161
RESTRICT+INC_SET,293,1.2.1042548,0.476373
RESTRICT+INC_SET,294,1.2.1779088,0.440755
RESTRICT+INC_SET,295,1.2.1298878,0.383692
RESTRICT+INC_SET,296,1.2.358650,0.377345
RESTRICT+INC_SET,297,1.2.1007458,0.349215
RESTRICT+INC_SET,298,1.2.1007611,0.295454
RESTRICT+INC_SET,299,1.2.1008142,0.291868
RESTRICT+INC_SET,300,1.2.1150252,0.259482
RESTRICT+INC_SET,301,1.2.1635303,0.258731
RESTRICT+INC_SET,302,1.2.1586264,0.248866
RESTRICT+INC_SET,303,1.2.1043072,0.247919
RESTRICT+INC_SET,304,1.2.1031189,0.225236
RESTRICT+INC_SET,305,1.2.529074,0.174732
RESTRICT+INC_SET,306,1.2.1666544,0.171317
RESTRICT+INC_SET,307,1.2.1067172,0.165768
RESTRICT+INC_SET,308,1.2.1790780,0.156594
RESTRICT+INC_SET,309,1.2.1147424,0.143113
RESTRICT+INC_SET,310,1.2.1047047,0.111054
RESTRICT+INC_SET,311,1.2.1068155,0.102559
RESTRICT+INC_SET,312,1.2.1702813,0.086413
RESTRICT+INC_SET,313,1.2.1792787,0.082231
RESTRICT+INC_SET,314,1.2.1794097,0.059286
RESTRICT+INC_SET,315,1.2.1010821,0.055610
RESTRICT+INC_SET,316,1.2.1149701,0.041290
RESTRICT+INC_SET,317,1.2.976509,0.035200
RESTRICT+INC_SET,318,1.2.357567,0.034914
RESTRICT+INC_SET,319,1.2.498146,0.028316
RESTRICT+INC_SET,320,1.2.1073129,0.023740
RESTRICT+INC_SET,321,1.2.1792848,0.018992
RESTRICT+INC_SET,322,1.2.478585,0.016823
RESTRICT+INC_SET,323,1.2.986325,0.012535
RESTRICT+INC_SET,324,1.2.372925,0.011495
RESTRICT+INC_SET,325,1.2.501579,0.006252
RESTRICT+INC_SET,326,1.2.1006667,0.004491
RESTRICT+INC_SET,327,1.2.1147462,0.003254
RESTRICT+INC_SET,328,1.2.1790839,0.002541
RESTRICT+INC_SET,329,1.2.1793468,0.000003
RESTRICT+INC_SET,330,1.2.961193,0.000002
RESTRICT+INC_SET,331,1.2.1792533,0.000000
RESTRICT+INC_SET,332,1.2.1784146,0.000000
