strategy,peer_id,peer,lost
none,1,c97f34a0,4255730.981844
none,2,3a550e56,2303268.489334
none,3,017e4220,2282004.381518
none,4,42b22b98,1787017.747646
none,5,c2feb04f,1203599.457864
none,6,64c1f3f6,1107610.146861
none,7,370b1d81,519711.154628
none,8,c737822a,492346.670899
none,9,b77ba83c,406369.854661
none,10,1e2cb7dc,390594.853109
none,11,64897104,308824.239516
none,12,bc7ceb8b,223092.857173
none,13,58583ee7,157497.583954
none,14,e57b3aac,120021.259291
none,15,b9bd856e,115195.618236
none,16,caac24b2,98686.061972
none,17,e235c327,94879.344114
none,18,b648eecc,92036.044423
none,19,4a47471a,84468.385241
none,20,45c8ac21,77541.960237
none,21,c68a606e,76436.429465
none,22,bbcc19e1,74031.387952
none,23,09aebf7a,63319.629104
none,24,77185d9f,62048.549493
none,25,534a6fa4,55846.946772
none,26,f0fb6b67,54029.151227
none,27,60aa2e10,50973.915442
none,28,e051a663,50250.662046
none,29,60cc2e48,47310.220940
none,30,8be08583,47193.980306
none,31,7653215c,46870.195847
none,32,dc00b3a5,45582.604941
none,33,f19e061a,42099.242452
none,34,e1ae0789,41173.193969
none,35,20e58309,37343.871818
none,36,b5f5f848,36931.554815
none,37,7c0c78b8,36276.182439
none,38,d961d8f1,35543.094742
none,39,6ae570b0,34981.923636
none,40,b6646148,34561.818664
none,41,6009a001,33151.464706
none,42,73540658,32321.920717
none,43,226860fa,31651.896234
none,44,334872ea,29960.880374
none,45,36abd5f1,29718.172101
none,46,8b1a21a1,28497.924378
none,47,ed57c600,28005.188664
none,48,0c96d8a6,27965.069201
none,49,330fba1b,27406.739633
none,50,61065a8c,27338.247709
none,51,94a4b543,26530.051903
none,52,791a4ecc,25666.267799
none,53,be9cc42f,25473.771068
none,54,83b8d5d4,25049.676420
none,55,aa5443a2,24838.709343
none,56,989d0741,24794.757761
none,57,8c305316,24469.632492
none,58,a1507e1c,24411.605491
none,59,34cdc3b6,22770.112425
none,60,a07d8af9,21826.846483
none,61,cfabb598,21812.433003
none,62,d8685455,21331.254535
none,63,b622be77,21282.285699
none,64,dc4375c5,21224.460704
none,65,7b4705aa,20737.646538
none,66,03709ff0,20431.479386
none,67,0ef8d70c,20428.163812
none,68,025d6ddb,19772.307266
none,69,e956ef91,19732.282895
none,70,803157c8,18206.573035
none,71,a081e680,18098.328828
none,72,fc271717,17798.491554
none,73,0703d326,17614.488259
none,74,cc561964,16421.875767
none,75,6fe6a34e,15847.665262
none,76,d356c0c0,15492.292678
none,77,8bb74d0c,15075.641237
none,78,5e934d0e,13844.959511
none,79,9b85c894,13775.819494
none,80,82b76189,13375.887746
none,81,9564d8c3,12960.482710
none,82,9d7edf2d,12871.566199
none,83,7a66fd40,11645.343894
none,84,858978e5,11053.494569
none,85,062a40e2,10813.415690
none,86,949415e4,10741.479577
none,87,57b4f038,10611.731517
none,88,8df3a635,10382.916536
none,89,f9a7b6ce,10379.903510
none,90,0af1bc5b,10347.650856
none,91,3d0fc944,10240.881405
none,92,c7ec8e64,10210.639717
none,93,66ac8340,10043.265606
none,94,039462b4,9963.090069
none,95,6e6f9b33,9560.303307
none,96,c25f0983,9515.579018
none,97,9e6a6602,9506.941774
none,98,0dda231f,9502.145630
none,99,01f5e2c2,9493.742784
none,100,6abcdeb9,9254.421280
none,101,ca90b1ec,8751.160891
none,102,41761451,8429.301044
none,103,f92e85b9,8108.560282
none,104,926a6ea0,8094.222058
none,105,702cbd4f,8047.825073
none,106,a297b7ef,7942.769924
none,107,5210fb6c,7763.319784
none,108,73f719c4,7387.872300
none,109,02aaf762,6874.691749
none,110,6cc8fa57,6178.627030
none,111,0c50f301,6091.751703
none,112,deb37498,6071.980319
none,113,cb5e5720,5905.996656
none,114,1d5a738c,5848.089295
none,115,f52b7b4d,5773.233049
none,116,60d7b42a,5429.358256
none,117,5328b86d,5334.524491
none,118,a410e6d1,4868.523277
none,119,96091e45,4585.888873
none,120,44717d88,4539.040298
none,121,f64bb94a,4478.174551
none,122,9e360a2d,4261.763187
none,123,7aa50d32,4251.700109
none,124,9b6c8c72,3861.238789
none,125,9a33b7f4,3798.987482
none,126,adeeb94d,3722.826499
none,127,c2e56ae7,3696.244121
none,128,624c74ed,3673.888424
none,129,49819836,3662.178704
none,130,d37c7dba,3655.131516
none,131,8c0d0467,3641.557142
none,132,b5b4de3a,3606.892609
none,133,8e80d232,3580.515757
none,134,bf83cb4a,3536.908959
none,135,1bc52e74,3519.355774
none,136,59a84e2c,3371.060735
none,137,a05686d6,3295.312647
none,138,2835b209,3192.895485
none,139,df5a70fa,3161.987847
none,140,378cc91a,3108.621001
none,141,124e7020,2939.380187
none,142,9df88e89,2911.800764
none,143,3f351251,2881.215339
none,144,082d4018,2811.615585
none,145,0e55bed3,2755.653289
none,146,4574936a,2687.456712
none,147,79e83527,2673.399624
none,148,88801da4,2661.639167
none,149,e52d7e4e,2643.618235
none,150,d53c7b08,2623.625326
none,151,fbdcdbe6,2600.113327
none,152,bba96894,2500.218486
none,153,e81ab420,2494.217043
none,154,6a677581,2488.785031
none,155,83b3e1d7,2454.388891
none,156,db684cc3,2435.925523
none,157,f90f88db,2343.236102
none,158,d2aaa3cd,2339.124238
none,159,7d967b4e,2158.871100
none,160,97a87e89,2005.116376
none,161,abac77c3,1944.482765
none,162,c810e235,1905.304867
none,163,f683c3cb,1889.715807
none,164,9130ef52,1864.874281
none,165,c983811f,1853.434777
none,166,dc97bf8e,1816.067190
none,167,2ad8734e,1798.264060
none,168,5b57eccf,1797.215715
none,169,f12c4b8a,1778.828184
none,170,4f1bed41,1776.313343
none,171,f6765ee3,1768.695995
none,172,92a78cda,1713.325109
none,173,e9538c5d,1613.226616
none,174,9d09da13,1596.447743
none,175,e884acd0,1578.469455
none,176,2548f8a1,1555.728401
none,177,d8deeeb9,1534.146993
none,178,f8b4aed7,1530.505193
none,179,98c25b24,1509.366496
none,180,73ca0786,1487.212052
none,181,1f382fda,1462.743174
none,182,525b421d,1462.414800
none,183,f500e4de,1434.704177
none,184,7158f736,1434.704177
none,185,2a236982,1428.424588
none,186,3fb38775,1394.752276
none,187,0e7f9e64,1319.422417
none,188,ac06dc34,1305.957708
none,189,24c622e6,1293.267401
none,190,15d6fa5a,1246.410807
none,191,3d138930,1236.413253
none,192,f8124cae,1232.026330
none,193,9c32ce45,1226.208772
none,194,03fd3877,1189.940090
none,195,39f98de0,1175.158862
none,196,c4839c6b,1093.644583
none,197,49444cf2,1063.436914
none,198,5da8c594,1060.886643
none,199,9f856979,1060.363078
none,200,0cb6104d,1026.468327
none,201,144966e4,1016.473248
none,202,505ca420,926.139696
none,203,6bb7837a,915.230428
none,204,4ef145e8,909.500908
none,205,93d77c0b,851.702223
none,206,67ecd315,820.697790
none,207,81a00c36,815.890418
none,208,61b06659,803.646489
none,209,54a3f91e,798.233189
none,210,16d19a1c,798.223871
none,211,05e26f88,798.223871
none,212,2ce5ef06,798.223871
none,213,b877587d,771.589871
none,214,acf41597,759.451682
none,215,9fc689fc,754.133607
none,216,06faeab0,743.856638
none,217,06d15cf5,736.000444
none,218,6a82d054,735.752503
none,219,1e2ade2d,720.106225
none,220,ace53a6b,719.930332
none,221,496687c6,651.885900
none,222,809cc4d7,643.842360
none,223,9f1551c9,634.193606
none,224,ec03b10f,615.512645
none,225,28b7be42,614.670873
none,226,ab53204b,609.399058
none,227,466ac31b,609.101544
none,228,b0aba780,606.998115
none,229,15722437,603.456723
none,230,14733c00,602.430718
none,231,0b0c7ffc,583.401667
none,232,e2311920,577.087177
none,233,74d3bc3f,575.310897
none,234,235efb58,574.897541
none,235,dfb96bcd,573.815689
none,236,369a5997,570.150120
none,237,97a21670,548.530860
none,238,1866aa56,543.559069
none,239,967c3014,543.230255
none,240,baa28b7b,533.529074
none,241,1da73e57,510.245971
none,242,b20c362c,509.538166
none,243,4beb8826,508.996320
none,244,24a47e94,507.836339
none,245,2351490d,469.957549
none,246,df40e859,469.432582
none,247,55a05b12,462.699204
none,248,b9ea2fa2,455.133386
none,249,6d2c2dcf,454.266225
none,250,1ac5f974,453.017866
none,251,b99227c7,445.858702
none,252,c7706937,443.298363
none,253,9dabf166,435.510267
none,254,6136fd08,432.506902
none,255,846d6f40,430.679604
none,256,9ee11e5d,426.628782
none,257,934edbf2,415.409817
none,258,8f23036c,401.982182
none,259,ae3dd7e9,397.720853
none,260,abec29b0,395.863800
none,261,1019ee35,386.053187
none,262,f152d753,385.834429
none,263,13024af6,382.024529
none,264,4100efed,382.024529
none,265,3d57ebbd,380.356256
none,266,b5d2c69b,374.926242
none,267,52949c5f,373.520553
none,268,299ab77c,366.652726
none,269,6ce64e84,362.275026
none,270,552aa99c,353.096461
none,271,27015919,352.544800
none,272,ec58526a,334.605073
none,273,3d3f690e,331.595687
none,274,0e83e9b3,326.870902
none,275,e43c1707,323.818521
none,276,12d17b4e,317.718766
none,277,2770ed9b,310.976386
none,278,84e31d3a,308.302096
none,279,e21819ff,297.316808
none,280,2602afc9,295.202400
none,281,da31b491,290.343369
none,282,ae640338,282.083333
none,283,e39cfa44,277.643159
none,284,ed447fd2,273.800628
none,285,a6b7e6ab,267.522700
none,286,906c9ae1,266.146579
none,287,03f1ae8a,259.806910
none,288,07ff702e,252.717604
none,289,eff26514,243.946399
none,290,c1267304,242.578300
none,291,ac094e1a,241.030138
none,292,d4b1bbb0,233.868885
none,293,9d2e9dae,230.542536
none,294,f4680ca2,227.679657
none,295,ca7fc07b,226.713389
none,296,2777a49e,224.246052
none,297,a2374632,217.095604
none,298,b5da0dec,214.412576
none,299,e1467c09,210.019478
none,300,37554f4b,209.806171
none,301,a3a1a6ba,207.170766
none,302,b3a0fb18,204.454585
none,303,a8eb3312,203.004701
none,304,14f28753,197.272528
none,305,4ea95aa3,194.974636
none,306,11d02625,194.108567
none,307,24ffb2e8,193.981719
none,308,2590132a,187.866291
none,309,c221184d,185.149631
none,310,1adda1e8,184.429510
none,311,9505059d,179.942500
none,312,ddb993c9,179.423325
none,313,b92c7443,175.319541
none,314,5c0e0e2b,174.333443
none,315,b20c6e02,173.335936
none,316,1223fd73,173.285218
none,317,8252cb37,165.552041
none,318,a229c401,161.671692
none,319,fd40ba47,161.582281
none,320,195c8345,160.845117
none,321,70fce91f,155.096262
none,322,280873c2,152.158065
none,323,5be1c3f1,151.885651
none,324,18624194,151.180965
none,325,473ddaea,149.287667
none,326,0fffa4eb,147.280028
none,327,5bc3aac4,147.163946
none,328,f1ee16af,147.153976
none,329,73e5856f,144.598295
none,330,59409d87,144.130850
none,331,fea6fee3,140.560230
none,332,5b633f4f,137.169130
none,333,bfaafccd,135.571623
none,334,1f629f04,133.614408
none,335,54e6ad4a,132.621425
none,336,6953cdef,131.721843
none,337,8d65ae07,127.967964
none,338,649263f1,126.240564
none,339,c2ee220e,123.309713
none,340,c8d677da,122.156637
none,341,dd5bddc1,121.653704
none,342,321a8833,121.201089
none,343,843bbc52,120.563517
none,344,6e580330,119.285993
none,345,ca9be306,118.947605
none,346,b600458d,114.961979
none,347,9f403a19,114.505567
none,348,ef5e92b0,114.187047
none,349,8a98c827,113.954400
none,350,87106c35,113.208215
none,351,bc4eb9be,113.135092
none,352,c708766f,112.898378
none,353,a2fe5e39,109.080136
none,354,42bad2da,106.715894
none,355,213ed27e,103.103911
none,356,63b03f55,100.053475
none,357,a9ff78b3,99.842884
none,358,8cebc260,99.762110
none,359,5ddb17ee,96.955583
none,360,bc1930fd,95.888791
none,361,c94a86df,95.398976
none,362,edce172b,94.049000
none,363,f23ec04f,93.586251
none,364,e77c7d92,92.791362
none,365,cb9a03f2,90.356926
none,366,e2407ca4,89.614283
none,367,83386668,84.353455
none,368,e8035ef6,84.182426
none,369,b3de568d,82.768486
none,370,a816100b,82.762302
none,371,752c7aa0,81.308787
none,372,75e2465f,81.291302
none,373,8610fd2c,80.084676
none,374,319c2e5c,78.658772
none,375,abcb323d,78.317125
none,376,73c54ba1,77.947402
none,377,0b51c68e,76.992334
none,378,d69ede0a,75.854666
none,379,69b5a401,74.696949
none,380,fa0efc93,74.660917
none,381,dd21b8cb,73.209949
none,382,deff6c5a,72.087698
none,383,2de21ed8,71.241295
none,384,e78315b8,71.029192
none,385,72257bd6,70.923719
none,386,229e9516,70.799727
none,387,15f9a5db,70.667405
none,388,cb4fba90,70.091386
none,389,de0b185b,68.317341
none,390,2611e507,67.182741
none,391,1bfad4a3,66.313724
none,392,930df97f,66.186793
none,393,23b679a0,65.753270
none,394,8c55d0e0,64.775485
none,395,201a69ca,64.041320
none,396,c11f46d9,63.813749
none,397,0987b085,63.632407
none,398,55a553ca,63.001692
none,399,c5cc2e90,62.865271
none,400,c3b60420,61.106348
none,401,68abf50c,60.909334
none,402,0d38ca71,60.724764
none,403,917c2929,59.962036
none,404,bba65899,59.721933
none,405,e5556914,59.552862
none,406,fb6db137,59.128796
none,407,9e9c9d18,59.094155
none,408,cf73b92b,57.276960
none,409,383b08e0,56.979765
none,410,d4fd7094,56.931371
none,411,011410c4,56.444437
none,412,629e5bf8,56.156728
none,413,2fc6c895,55.760442
none,414,a894e53a,53.640345
none,415,923c8e0a,53.043100
none,416,386383f7,52.082920
none,417,194ac6c1,51.945466
none,418,f4a738f4,50.784604
none,419,c1970cbb,48.356702
none,420,5cd726d9,47.884620
none,421,c8c75fce,47.856163
none,422,08387877,47.816731
none,423,04c29e00,47.337795
none,424,c0c52d70,47.058645
none,425,5ee9fedd,45.792757
none,426,74626205,45.302679
none,427,3dab7df0,44.674662
none,428,179899e6,44.377657
none,429,c43cb20c,43.086452
none,430,373fb301,41.917151
none,431,c63bcb7f,41.134350
none,432,86f824ff,40.277702
none,433,73246c6e,40.097523
none,434,f9d5185d,39.514924
none,435,2f67d4b1,39.296493
none,436,993c6998,39.274699
none,437,a2280132,38.921340
none,438,56723481,38.242147
none,439,1fc6fad9,38.176700
none,440,4403ff08,37.441072
none,441,6cb79e51,37.280054
none,442,ed2c12a8,37.173936
none,443,97576aff,35.899611
none,444,8fe66cee,35.196742
none,445,645462db,33.551606
none,446,2f4ff94c,33.344848
none,447,21f5b331,33.315660
none,448,ed1aa9d2,32.687783
none,449,c86e2989,31.058311
none,450,c46b3e74,31.053495
none,451,01a670c6,30.358803
none,452,468b38c4,28.884781
none,453,d33e2d4f,26.937925
none,454,02d00844,25.789203
none,455,a7be6458,25.077651
none,456,f349aeac,23.110953
none,457,82e39887,22.030046
none,458,7a7bf478,21.734368
none,459,d83e012a,21.683856
none,460,f2c0fdce,21.266047
none,461,b6611336,21.021575
none,462,18da55a0,20.297229
none,463,89db3df6,20.297229
none,464,9e38165f,20.181542
none,465,b6f57193,19.760647
none,466,3742169d,19.751001
none,467,bccdbc8b,19.577600
none,468,e376f3be,18.946571
none,469,7c972e03,18.946571
none,470,6d68341d,18.375147
none,471,9df3ea64,16.478490
none,472,e374fdf1,16.304989
none,473,01f3949d,15.755488
none,474,32540b1c,15.349417
none,475,1e3085ea,15.260494
none,476,b62e4690,15.184306
none,477,bfd79da0,15.166713
none,478,ff099196,15.094061
none,479,a8e22525,15.040628
none,480,d2894205,14.947975
none,481,25077cb2,14.687950
none,482,6a306e43,14.673494
none,483,85873ce4,14.592533
none,484,74b48f5d,14.439803
none,485,104ca082,14.186660
none,486,e4a567e2,13.544558
none,487,c272e939,13.460710
none,488,c3c2cda0,13.434806
none,489,143807d0,13.104266
none,490,921a135f,12.804969
none,491,927cc998,12.666282
none,492,1bae8cfa,12.651915
none,493,01a1a1b2,11.572900
none,494,8b3796f8,11.321843
none,495,028675b4,10.897400
none,496,1e22860d,10.798866
none,497,8b923abd,10.290962
none,498,ee20816e,9.793339
none,499,0b70f420,9.498339
none,500,7ef7220a,9.454279
none,501,a55a397e,9.327442
none,502,e938df4c,9.317671
none,503,c7e48891,9.139334
none,504,050ba72f,9.120308
none,505,c4f59fc9,9.064633
none,506,f8bb9a16,8.546580
none,507,7c92a50d,8.518435
none,508,144624f5,8.265330
none,509,21809aea,8.145534
none,510,279019b6,8.066939
none,511,c1aba506,7.596960
none,512,72655eab,7.507266
none,513,e5eabf12,7.501998
none,514,67615a6c,7.293082
none,515,19a03c4b,7.274662
none,516,a2ad13f8,7.198621
none,517,0c0763e2,6.647340
none,518,4be2404c,6.583896
none,519,ae8969fb,6.558720
none,520,70159903,6.481286
none,521,99905341,6.366249
none,522,9d09a881,5.842063
none,523,472b438f,5.829692
none,524,303f799a,5.557758
none,525,9168a93b,5.318050
none,526,36e5e368,5.032633
none,527,87e848bb,4.910618
none,528,faecd954,4.838560
none,529,1e91e413,4.741585
none,530,1a9c46a8,4.582283
none,531,1f32c186,4.533530
none,532,9a7f9dd8,4.501362
none,533,48a30f20,4.371686
none,534,42da619e,4.268912
none,535,50834b43,4.254501
none,536,30fc71f2,4.180068
none,537,c0721d25,4.034552
none,538,62350cfa,3.955388
none,539,fcbea35c,3.939024
none,540,af506fa5,3.931427
none,541,82f5b88a,3.902154
none,542,4497d142,3.646541
none,543,ca09d7ba,3.470765
none,544,1b8dfab9,3.382507
none,545,cfa768ae,3.247175
none,546,4c238e71,3.150044
none,547,9c6c8332,2.770520
none,548,1d68a0ef,2.687394
none,549,ac55acc7,2.587551
none,550,3be97dc4,2.451308
none,551,8459ebf9,2.418132
none,552,410d9d89,2.294130
none,553,25970bcf,2.186870
none,554,454639ae,2.151936
none,555,99025558,2.059847
none,556,b2249ac1,2.052090
none,557,fc05e72c,1.995362
none,558,cdccc9c6,1.823566
none,559,0b6bcd6d,1.768192
none,560,ea95397d,1.762077
none,561,b0a0bea6,1.713559
none,562,fb843064,1.698128
none,563,9a5a7e8a,1.676973
none,564,355bdd68,1.663721
none,565,16085a1b,1.459439
none,566,20df5bdf,1.437986
none,567,410a39a4,1.340655
none,568,7be2acad,1.296409
none,569,2eda9ce7,1.266614
none,570,88ec0c51,1.264440
none,571,5d424e23,1.259552
none,572,2f7e872b,1.255872
none,573,d358a3c5,1.241816
none,574,9a84d0b8,1.230670
none,575,e4eedb42,1.177164
none,576,00f11518,1.160112
none,577,70422259,1.123380
none,578,ef700ac9,1.123380
none,579,b52052dc,1.123380
none,580,8e6d8e06,1.120361
none,581,e4c6c560,1.086016
none,582,8d9002cc,1.046761
none,583,75c3860e,0.973777
none,584,a185b929,0.858822
none,585,319a6602,0.818919
none,586,f823c937,0.809164
none,587,140a7567,0.808554
none,588,2d1e092a,0.770186
none,589,5199623e,0.716156
none,590,51614c3e,0.626934
none,591,8a7cbd8e,0.586987
none,592,fdb505c1,0.578574
none,593,4116b2c2,0.571800
none,594,5e448f06,0.560656
none,595,cc8cc38d,0.550409
none,596,a4060203,0.542913
none,597,abf3fddf,0.441843
none,598,f8724f9e,0.430276
none,599,721cb2d4,0.421426
none,600,9a626873,0.411003
none,601,89312672,0.383692
none,602,2d386504,0.373836
none,603,8593cfb9,0.346991
none,604,aeadc9f8,0.324514
none,605,517e6498,0.322871
none,606,c8bca1ad,0.300893
none,607,8d94de0d,0.290584
none,608,5ff7b562,0.284886
none,609,2a18d71b,0.284886
none,610,c62054a6,0.271537
none,611,58eaae8e,0.262594
none,612,95df27aa,0.254542
none,613,a130f900,0.189924
none,614,f908bd21,0.189924
none,615,6eaa9b66,0.189924
none,616,49653e28,0.152461
none,617,44aa070b,0.149413
none,618,9402c365,0.146241
none,619,2124eaba,0.146241
none,620,a30b09c0,0.135618
none,621,52714511,0.135125
none,622,93b18552,0.130871
none,623,8053f692,0.122891
none,624,b15a0287,0.119591
none,625,35fd8c80,0.118204
none,626,9103d987,0.114492
none,627,87195b83,0.107908
none,628,d46c85b6,0.106154
none,629,b6b3c30c,0.096523
none,630,f82ecf37,0.094962
none,631,9da54557,0.094523
none,632,7c532dba,0.093211
none,633,c3815316,0.091477
none,634,f36bb209,0.091164
none,635,893204a3,0.083859
none,636,887fcb21,0.080326
none,637,07098c78,0.080279
none,638,553edb93,0.070825
none,639,a962a286,0.063961
none,640,321067a0,0.062482
none,641,106fdd19,0.056977
none,642,3bd8a52b,0.056665
none,643,d7deaa6e,0.055991
none,644,d449f915,0.045631
none,645,abbb93f2,0.035814
none,646,94d26dfd,0.034273
none,647,49e59671,0.028080
none,648,01e4f9d0,0.023740
none,649,1571e587,0.018992
none,650,d5b13e9e,0.013429
none,651,bb862ef6,0.010393
none,652,d57fc47f,0.010371
none,653,a2877154,0.009673
none,654,3b665630,0.006101
none,655,a6fd8bd8,0.005878
none,656,5afa4796,0.005614
none,657,c776671c,0.005015
none,658,1e14a580,0.004659
none,659,b8816036,0.004165
none,660,23cf4711,0.003362
none,661,b8bdfba1,0.003260
none,662,29e13347,0.002374
none,663,1d1cd1f5,0.000346
none,664,e1c5e1d0,0.000227
none,665,223874b8,0.000109
none,666,3c3c1178,0.000092
none,667,def17af8,0.000001
none,668,d34a6c9e,0.000001
none,669,e8473f4f,0.000000
none,670,32ca0f35,0.000000
none,671,70ab3ba6,0.000000
none,672,8ea60fa7,0.000000
none,673,f681021e,0.000000
none,674,d2279892,0.000000
none,675,4cbc86a5,0.000000
none,676,a60f7c9b,0.000000
INC_SET(2),1,9cac87e4,3077485.003380
INC_SET(2),2,6745ac81,1966785.710786
INC_SET(2),3,1472b2c3,1151634.244667
INC_SET(2),4,0fd07495,893508.797775
INC_SET(2),5,9d39cb2f,601799.486372
INC_SET(2),6,f3dbd9cd,553805.004973
INC_SET(2),7,0d4c4ea2,259855.576865
INC_SET(2),8,79027302,246172.226438
INC_SET(2),9,1501705b,203184.927275
INC_SET(2),10,d9abd939,195297.378635
INC_SET(2),11,ae4c3d7c,154412.116738
INC_SET(2),12,66e4e206,111546.428006
INC_SET(2),13,d64b9b47,78748.789154
INC_SET(2),14,adaacd88,60010.629501
INC_SET(2),15,48ae9ec3,57597.809014
INC_SET(2),16,a9477eab,49343.030929
INC_SET(2),17,f51d8032,47439.671987
INC_SET(2),18,75ec919e,46018.022120
INC_SET(2),19,bfd48107,42234.192569
INC_SET(2),20,1df03168,38770.978912
INC_SET(2),21,53ee8b40,38218.214686
INC_SET(2),22,1fe0685e,37015.693891
INC_SET(2),23,471fa96d,31659.814414
INC_SET(2),24,2ae7e731,31024.274660
INC_SET(2),25,e2d39853,27923.473333
INC_SET(2),26,606f8216,27014.575533
INC_SET(2),27,1734702d,25486.957666
INC_SET(2),28,6500f11b,25125.330991
INC_SET(2),29,52aee990,23655.110405
INC_SET(2),30,890f8651,23596.990108
INC_SET(2),31,02834674,23435.097851
INC_SET(2),32,e1793159,22791.301376
INC_SET(2),33,c4f3d6a3,21049.620471
INC_SET(2),34,8e3f32f1,20586.595673
INC_SET(2),35,500d1c69,18671.935887
INC_SET(2),36,ecc0de8e,18465.777372
INC_SET(2),37,d7ba887d,18138.090393
INC_SET(2),38,fa316751,17771.547324
INC_SET(2),39,803fcb58,17490.961753
INC_SET(2),40,ef1c0d93,17280.909207
INC_SET(2),41,e90eac6b,16575.732306
INC_SET(2),42,a95f7603,16160.960298
INC_SET(2),43,109ecd52,15825.948064
INC_SET(2),44,1147ecf3,14980.440158
INC_SET(2),45,55030b13,14859.086014
INC_SET(2),46,15c7e8d0,14248.962160
INC_SET(2),47,6ecbd077,14002.594304
INC_SET(2),48,ca47440d,13982.534521
INC_SET(2),49,c1b02096,13703.369551
INC_SET(2),50,3833e61f,13669.123785
INC_SET(2),51,cd0d0d5a,13265.025704
INC_SET(2),52,eb2e08b0,12833.133864
INC_SET(2),53,f484b241,12736.885361
INC_SET(2),54,d31ef775,12524.838164
INC_SET(2),55,db1704cd,12419.354606
INC_SET(2),56,faac5126,12397.378854
INC_SET(2),57,768490f7,12234.815707
INC_SET(2),58,bea16831,12205.802710
INC_SET(2),59,83d94e1c,11385.056174
INC_SET(2),60,dd82c588,10913.423041
INC_SET(2),61,418a1b89,10906.216218
INC_SET(2),62,2c258ab5,10665.627126
INC_SET(2),63,ea9029c8,10641.140116
INC_SET(2),64,3a582ec5,10612.230322
INC_SET(2),65,1dca9144,10368.823238
INC_SET(2),66,545a0017,10215.739674
INC_SET(2),67,9b24a249,10214.081883
INC_SET(2),68,982410c3,9882.576411
INC_SET(2),69,2dad684d,9866.141429
INC_SET(2),70,c23e3321,9114.108640
INC_SET(2),71,76b4278e,9049.164404
INC_SET(2),72,55228ac0,8899.245752
INC_SET(2),73,4dba308b,8807.244106
INC_SET(2),74,b5a61821,8210.937860
INC_SET(2),75,1a844f1d,7923.832595
INC_SET(2),76,29dd064d,7746.146334
INC_SET(2),77,d55ffdf7,7537.820591
INC_SET(2),78,304302de,6922.479330
INC_SET(2),79,be2a3898,6887.909732
INC_SET(2),80,b23e5651,6687.943862
INC_SET(2),81,a79686b1,6480.241320
INC_SET(2),82,b0420cc5,6435.783075
INC_SET(2),83,643d585a,5822.671931
INC_SET(2),84,f7d826a9,5526.747273
INC_SET(2),85,83456471,5406.707678
INC_SET(2),86,213ff82f,5370.739769
INC_SET(2),87,af0982b2,5305.865724
INC_SET(2),88,679a3a20,5191.458252
INC_SET(2),89,c17082aa,5189.951741
INC_SET(2),90,c3cc71b2,5173.825421
INC_SET(2),91,68b05052,5120.440693
INC_SET(2),92,4dd4c8cf,5105.319849
INC_SET(2),93,15a7eef9,5019.427785
INC_SET(2),94,99c65e62,4981.545025
INC_SET(2),95,ff94740c,4780.151640
INC_SET(2),96,f1149f35,4757.789500
INC_SET(2),97,995f7c49,4753.470877
INC_SET(2),98,cc67a025,4751.072780
INC_SET(2),99,177931f0,4746.871383
INC_SET(2),100,9170431e,4627.210279
INC_SET(2),101,31fc8b61,4375.580423
INC_SET(2),102,5f96c54a,4214.650112
INC_SET(2),103,190a7563,4054.279633
INC_SET(2),104,65c49fa2,4047.111001
INC_SET(2),105,e5dd60e7,4023.912012
INC_SET(2),106,403ac2c5,3971.374361
INC_SET(2),107,06f3c928,3881.656847
INC_SET(2),108,e81a6ad3,3693.936129
INC_SET(2),109,6cf11b70,3437.342850
INC_SET(2),110,1f80adca,3089.313329
INC_SET(2),111,3d1b9ef9,3045.194733
INC_SET(2),112,577fb426,3035.990150
INC_SET(2),113,9d059351,2952.997010
INC_SET(2),114,d9c776bb,2924.044440
INC_SET(2),115,70a5cfff,2886.616508
INC_SET(2),116,bed8c15f,2714.679114
INC_SET(2),117,58974d95,2667.262245
INC_SET(2),118,d78c948b,2434.240822
INC_SET(2),119,27ab3f02,2292.944115
INC_SET(2),120,07b422b4,2269.520134
INC_SET(2),121,fbcfbcd5,2239.087274
INC_SET(2),122,8acbdca1,2130.881585
INC_SET(2),123,afaf4837,2125.850054
INC_SET(2),124,4cbb8449,1930.619370
INC_SET(2),125,10aea84a,1899.493729
INC_SET(2),126,b9df9c3c,1861.409905
INC_SET(2),127,ba076915,1848.119911
INC_SET(2),128,83250b88,1836.944059
INC_SET(2),129,17a4879b,1831.089136
INC_SET(2),130,935be620,1827.565749
INC_SET(2),131,07e566d3,1820.778427
INC_SET(2),132,cfdfb0c8,1803.446075
INC_SET(2),133,46451cc3,1790.172272
INC_SET(2),134,41ce3b47,1768.454420
INC_SET(2),135,c911269d,1759.673299
INC_SET(2),136,882a043d,1685.493235
INC_SET(2),137,99158ce1,1647.656316
INC_SET(2),138,403f7c13,1596.447505
INC_SET(2),139,013b57fd,1580.993341
INC_SET(2),140,d5685b42,1554.310378
INC_SET(2),141,f3c568e5,1469.689434
INC_SET(2),142,c380bb14,1455.895542
INC_SET(2),143,72d6b9f0,1440.604396
INC_SET(2),144,45fb1b3e,1405.807762
INC_SET(2),145,3bcac8ad,1377.796246
INC_SET(2),146,b7e17c7d,1343.728263
INC_SET(2),147,353d5b76,1336.699806
INC_SET(2),148,b4760b3e,1330.819583
INC_SET(2),149,0752a16e,1321.805968
INC_SET(2),150,ec3d650e,1311.812659
INC_SET(2),151,b093e1ce,1300.053628
INC_SET(2),152,ea38b7be,1250.109242
INC_SET(2),153,e9d90bf2,1247.108521
INC_SET(2),154,69857442,1244.392279
INC_SET(2),155,94fc9b34,1227.194305
INC_SET(2),156,85c5ce42,1217.962761
INC_SET(2),157,e972ac3e,1171.618034
INC_SET(2),158,0ca8904e,1093.212638
INC_SET(2),159,07edaa12,1079.435542
INC_SET(2),160,cc967f88,1002.558176
INC_SET(2),161,4b44797d,972.241379
INC_SET(2),162,d5b374ac,952.652433
INC_SET(2),163,827ad383,944.857759
INC_SET(2),164,8acd6bf4,932.437136
INC_SET(2),165,edbd2476,926.717388
INC_SET(2),166,7ce68429,908.033561
INC_SET(2),167,ba0a8cf3,899.132027
INC_SET(2),168,2f130dd5,898.607718
INC_SET(2),169,bb8225f1,889.414092
INC_SET(2),170,2b569a2d,888.156671
INC_SET(2),171,c8a1ddb5,884.347989
INC_SET(2),172,b9ed31a9,856.662549
INC_SET(2),173,d423815b,806.610061
INC_SET(2),174,66a12ab9,798.223753
INC_SET(2),175,a14f2186,789.234609
INC_SET(2),176,88b4886e,777.864200
INC_SET(2),177,71353a7d,767.073290
INC_SET(2),178,ada38635,765.252258
INC_SET(2),179,843d4e5f,754.683109
INC_SET(2),180,aa28b3c8,743.606018
INC_SET(2),181,b1a831d1,731.371487
INC_SET(2),182,f768857c,731.207399
INC_SET(2),183,76c29c16,717.352082
INC_SET(2),184,e87d80df,717.352082
INC_SET(2),185,6e609708,714.212290
INC_SET(2),186,812b4ac0,697.376045
INC_SET(2),187,ed655e09,659.711200
INC_SET(2),188,1f544ea4,652.978846
INC_SET(2),189,7e0973d3,646.633692
INC_SET(2),190,65ebc64b,621.524159
INC_SET(2),191,12f474ab,618.206610
INC_SET(2),192,843b0064,616.013153
INC_SET(2),193,2e7c4fa8,613.104201
INC_SET(2),194,94cc7bab,594.969692
INC_SET(2),195,d8fe4c87,587.579405
INC_SET(2),196,31ee924d,546.822287
INC_SET(2),197,81db544b,531.718457
INC_SET(2),198,0a8a2b5c,530.443307
INC_SET(2),199,31f6d535,530.181507
INC_SET(2),200,598cf447,513.234063
INC_SET(2),201,240983fc,508.236556
INC_SET(2),202,cf04df1e,463.069755
INC_SET(2),203,18f903ba,457.615209
INC_SET(2),204,bbe095d7,454.750395
INC_SET(2),205,4bd8bb43,425.851078
INC_SET(2),206,2075fcc2,410.348675
INC_SET(2),207,e312798c,407.940992
INC_SET(2),208,d86060df,401.823244
INC_SET(2),209,1cb8d644,399.116535
INC_SET(2),210,668ba67a,399.111876
INC_SET(2),211,26c49b19,399.111876
INC_SET(2),212,58b904bc,399.111876
INC_SET(2),213,2628a3f6,385.794926
INC_SET(2),214,92621841,379.725841
INC_SET(2),215,bbede505,377.066799
INC_SET(2),216,de4866e7,371.916588
INC_SET(2),217,f50611ff,368.000171
INC_SET(2),218,521878ff,367.874237
INC_SET(2),219,a8d549c2,360.053112
INC_SET(2),220,cfa54483,359.965157
INC_SET(2),221,e501ad52,325.942609
INC_SET(2),222,e22eba04,321.921180
INC_SET(2),223,145ffe7b,317.096798
INC_SET(2),224,8f0bce27,307.756319
INC_SET(2),225,c5d88e02,307.335429
INC_SET(2),226,cc95a8e5,304.699372
INC_SET(2),227,ff001a03,304.550762
INC_SET(2),228,97f76137,303.499057
INC_SET(2),229,beeed1f2,301.728353
INC_SET(2),230,e4998300,301.215355
INC_SET(2),231,27edba09,291.700822
INC_SET(2),232,c2dafc0e,288.543589
INC_SET(2),233,2baf04f1,287.655437
INC_SET(2),234,db706c4b,287.448766
INC_SET(2),235,8a443508,286.907811
INC_SET(2),236,c09e6256,285.075060
INC_SET(2),237,3f9555f3,274.265413
INC_SET(2),238,d74aca00,271.779535
INC_SET(2),239,f09caa8e,271.615125
INC_SET(2),240,26a7e9a8,266.764537
INC_SET(2),241,dc2f8eb3,255.122935
INC_SET(2),242,042ccf74,254.768805
INC_SET(2),243,62a4c4db,254.498160
INC_SET(2),244,73ea6b91,253.918167
INC_SET(2),245,382cc78b,234.978311
INC_SET(2),246,0a21ac6b,234.716282
INC_SET(2),247,61963adc,231.349551
INC_SET(2),248,457250a0,227.566601
INC_SET(2),249,ded74baa,227.132998
INC_SET(2),250,bc58be49,226.508932
INC_SET(2),251,b9e92887,222.929347
INC_SET(2),252,a179dfc9,221.643248
INC_SET(2),253,c40c0000,217.755117
INC_SET(2),254,13254962,216.253447
INC_SET(2),255,8d71e50b,215.339802
INC_SET(2),256,bdf14311,213.313121
INC_SET(2),257,a3b01527,207.704908
INC_SET(2),258,7752e747,200.991091
INC_SET(2),259,b5b41eaa,198.860419
INC_SET(2),260,9851ed06,197.931400
INC_SET(2),261,84b1dafa,193.026459
INC_SET(2),262,f86e3a15,192.917189
INC_SET(2),263,298e2d76,191.012265
INC_SET(2),264,a1901604,191.012265
INC_SET(2),265,d6869861,190.178127
INC_SET(2),266,cabb1453,187.463121
INC_SET(2),267,02023f85,186.760272
INC_SET(2),268,6d577882,183.326363
INC_SET(2),269,d96b5af9,181.137463
INC_SET(2),270,3258b693,176.548045
INC_SET(2),271,0e3338cc,176.272168
INC_SET(2),272,5825c293,167.302534
INC_SET(2),273,e0670804,165.791125
INC_SET(2),274,8ddd936b,163.435438
INC_SET(2),275,f4d96d7d,161.909260
INC_SET(2),276,6530b3d2,158.859336
INC_SET(2),277,2474a0f2,155.488193
INC_SET(2),278,b3ec0107,154.150863
INC_SET(2),279,1ba57a25,148.658391
INC_SET(2),280,146981e5,147.600800
INC_SET(2),281,b59d1a96,145.171684
INC_SET(2),282,853b3aa1,141.041666
INC_SET(2),283,a62a772f,138.821394
INC_SET(2),284,94bc6a18,136.900314
INC_SET(2),285,35bf9bf4,133.761232
INC_SET(2),286,216e1995,133.073272
INC_SET(2),287,a9b4b051,129.903450
INC_SET(2),288,bc814f51,126.358802
INC_SET(2),289,abf7e858,121.973074
INC_SET(2),290,e2c24ccc,121.289137
INC_SET(2),291,976947f2,120.515069
INC_SET(2),292,4a02712b,116.934413
INC_SET(2),293,d84e44bc,115.271268
INC_SET(2),294,e6fa809b,113.839828
INC_SET(2),295,a670ded5,113.356690
INC_SET(2),296,b2d2198b,112.123022
INC_SET(2),297,c49af2bc,108.547801
INC_SET(2),298,d8133978,107.206242
INC_SET(2),299,810219bf,105.009692
INC_SET(2),300,68156f20,104.903085
INC_SET(2),301,0e8d58dd,103.585282
INC_SET(2),302,9ee46e22,102.227291
INC_SET(2),303,9f3a0182,101.502316
INC_SET(2),304,87c46eec,98.636260
INC_SET(2),305,6be984a6,97.487297
INC_SET(2),306,75c1a073,97.054052
INC_SET(2),307,9f1964d4,96.990813
INC_SET(2),308,c2f26db6,93.933096
INC_SET(2),309,9ee370b4,92.574783
INC_SET(2),310,20b7eaad,92.214755
INC_SET(2),311,375c263f,89.971250
INC_SET(2),312,0c6c0321,89.711661
INC_SET(2),313,20542640,87.659652
INC_SET(2),314,084c9697,87.166607
INC_SET(2),315,7e912ed9,86.667881
INC_SET(2),316,49eb2cf5,86.641459
INC_SET(2),317,b72c617d,82.775973
INC_SET(2),318,7d58c0d9,80.791140
INC_SET(2),319,7df7e3c9,80.430847
INC_SET(2),320,122bb725,80.422550
INC_SET(2),321,59f58237,77.547344
INC_SET(2),322,c49d05e2,76.078889
INC_SET(2),323,2a342057,75.942817
INC_SET(2),324,6ce7fe2f,75.590483
INC_SET(2),325,65cbd9af,74.643773
INC_SET(2),326,42021ed3,73.640014
INC_SET(2),327,947769f0,73.581956
INC_SET(2),328,d052ae35,73.576718
INC_SET(2),329,7fb799f3,72.299145
INC_SET(2),330,90845309,72.065421
INC_SET(2),331,e8e5339b,70.280114
INC_SET(2),332,0d002168,68.584336
INC_SET(2),333,f22b58a0,67.785705
INC_SET(2),334,686a57fb,66.807151
INC_SET(2),335,4e86de28,66.310708
INC_SET(2),336,cf79a597,65.860878
INC_SET(2),337,3b777cdc,63.983975
INC_SET(2),338,1c89e53e,63.120282
INC_SET(2),339,4258ade7,61.654843
INC_SET(2),340,c17b78d1,61.078052
INC_SET(2),341,86617478,60.826852
INC_SET(2),342,696a972c,60.600525
INC_SET(2),343,9a7cc2c7,60.281759
INC_SET(2),344,082aefcf,59.642924
INC_SET(2),345,4b727190,59.473803
INC_SET(2),346,90a34915,57.480981
INC_SET(2),347,996d96dd,57.252718
INC_SET(2),348,5afc11bb,57.093515
INC_SET(2),349,b6131021,56.977200
INC_SET(2),350,c04bde32,56.603882
INC_SET(2),351,369e896a,56.567403
INC_SET(2),352,e1b7a00c,56.449183
INC_SET(2),353,3d2a553d,54.540067
INC_SET(2),354,3c6a36fc,53.357509
INC_SET(2),355,d0bff1d9,51.551955
INC_SET(2),356,30bcb468,50.026506
INC_SET(2),357,2cdd6c87,49.921442
INC_SET(2),358,f79f6443,49.833870
INC_SET(2),359,9ed37deb,48.477460
INC_SET(2),360,6f1f3079,47.944277
INC_SET(2),361,eaa85cd4,47.699486
INC_SET(2),362,6d237cf2,47.024100
INC_SET(2),363,afbdfb47,46.793118
INC_SET(2),364,d80c2d27,46.395681
INC_SET(2),365,edbe4630,45.178463
INC_SET(2),366,51f4dc5c,44.806950
INC_SET(2),367,a57accbe,42.176217
INC_SET(2),368,68b110c0,42.090182
INC_SET(2),369,b9251efe,41.384243
INC_SET(2),370,7452b1c9,41.381151
INC_SET(2),371,e49ef3c4,40.654346
INC_SET(2),372,75f1982c,40.645651
INC_SET(2),373,cd5d2066,40.042160
INC_SET(2),374,45b41303,39.329305
INC_SET(2),375,f29ff9fb,39.158383
INC_SET(2),376,e74ceaba,38.973701
INC_SET(2),377,3d50b59a,38.496163
INC_SET(2),378,cee7c77e,37.927333
INC_SET(2),379,9b277a16,37.348339
INC_SET(2),380,49bdcc6d,37.330454
INC_SET(2),381,ff686b90,36.604881
INC_SET(2),382,197754bf,36.043827
INC_SET(2),383,154039aa,35.620641
INC_SET(2),384,d8b92465,35.461855
INC_SET(2),385,91d67ab2,35.413384
INC_SET(2),386,afa9b9ad,35.399776
INC_SET(2),387,0e085f6f,35.333703
INC_SET(2),388,df986931,35.045561
INC_SET(2),389,39a78923,34.158561
INC_SET(2),390,62c49890,33.591349
INC_SET(2),391,f2b9c592,33.156841
INC_SET(2),392,6dee3a08,33.093396
INC_SET(2),393,e808bf53,32.876629
INC_SET(2),394,889b7857,32.337136
INC_SET(2),395,bb5f6711,32.020657
INC_SET(2),396,653e6740,31.906870
INC_SET(2),397,0d4155ee,31.815211
INC_SET(2),398,341d393b,31.500715
INC_SET(2),399,aa7a9aac,31.432627
INC_SET(2),400,5f518e19,30.553127
INC_SET(2),401,86f5e08d,30.454667
INC_SET(2),402,47aa06c1,30.362360
INC_SET(2),403,48426262,29.981014
INC_SET(2),404,16ef5767,29.860967
INC_SET(2),405,02b74b67,29.776385
INC_SET(2),406,edf9c76e,29.564397
INC_SET(2),407,b489589e,29.547073
INC_SET(2),408,9bf8ed18,28.489881
INC_SET(2),409,d2f8edee,28.465686
INC_SET(2),410,9dac7e53,28.222210
INC_SET(2),411,6730f1ba,28.132418
INC_SET(2),412,a5e85a62,28.078364
INC_SET(2),413,300276ee,27.880220
INC_SET(2),414,08cc0118,26.820079
INC_SET(2),415,6ffc1ed9,26.521200
INC_SET(2),416,4d490959,26.041460
INC_SET(2),417,b81ca635,25.972731
INC_SET(2),418,ec2848c7,25.392189
INC_SET(2),419,8c6667f3,24.178351
INC_SET(2),420,23a94c17,23.942307
INC_SET(2),421,5fa0a1c9,23.928081
INC_SET(2),422,adb20a18,23.908366
INC_SET(2),423,2b8fc871,23.668897
INC_SET(2),424,b29f8906,23.529323
INC_SET(2),425,272f2384,22.896374
INC_SET(2),426,10435fbe,22.651154
INC_SET(2),427,2c85dab7,22.337213
INC_SET(2),428,24ea6bdc,22.188758
INC_SET(2),429,74fd10ff,21.543223
INC_SET(2),430,9602767d,20.958574
INC_SET(2),431,e5e2b78e,20.567175
INC_SET(2),432,41dac9a8,20.138650
INC_SET(2),433,48de8040,20.048757
INC_SET(2),434,ec365104,19.757338
INC_SET(2),435,41a2343b,19.648246
INC_SET(2),436,acd132f4,19.636547
INC_SET(2),437,2a65db18,19.460538
INC_SET(2),438,1a6d6568,19.120029
INC_SET(2),439,96afc191,19.088300
INC_SET(2),440,53f9ea32,18.720532
INC_SET(2),441,32b149fd,18.640027
INC_SET(2),442,819c1adf,18.586952
INC_SET(2),443,497e8a18,17.949805
INC_SET(2),444,f6adb048,17.949681
INC_SET(2),445,26cc20bd,16.725197
INC_SET(2),446,b1428eee,16.672420
INC_SET(2),447,e5296c18,16.657828
INC_SET(2),448,d514b373,16.343845
INC_SET(2),449,ded875fa,15.917683
INC_SET(2),450,f4b473db,15.529153
INC_SET(2),451,58b16c93,15.526747
INC_SET(2),452,005ee52f,15.179402
INC_SET(2),453,977f28aa,14.442391
INC_SET(2),454,b726f4c4,13.468952
INC_SET(2),455,8d95b703,12.894601
INC_SET(2),456,8c3bedea,12.538824
INC_SET(2),457,63ac0288,11.014975
INC_SET(2),458,0a193020,10.867184
INC_SET(2),459,f0d37511,10.841924
INC_SET(2),460,4c82eb5d,10.632905
INC_SET(2),461,01bd6a12,10.510787
INC_SET(2),462,821ff185,10.148615
INC_SET(2),463,6fe72f45,10.148615
INC_SET(2),464,c352f465,10.090677
INC_SET(2),465,73a5919f,9.880323
INC_SET(2),466,1a7d9c6a,9.875499
INC_SET(2),467,aa4d3c17,9.788500
INC_SET(2),468,fbe802b7,9.473286
INC_SET(2),469,fea0ac03,9.473286
INC_SET(2),470,4260d3a0,9.187573
INC_SET(2),471,685ddf2d,8.239062
INC_SET(2),472,9c6c3c2c,8.152394
INC_SET(2),473,5eb6bd59,7.877742
INC_SET(2),474,82f451c0,7.674708
INC_SET(2),475,56ff70c7,7.630247
INC_SET(2),476,1e362067,7.592149
INC_SET(2),477,d3057e91,7.583356
INC_SET(2),478,ef462cac,7.547031
INC_SET(2),479,eeb89f31,7.520310
INC_SET(2),480,c9b2c93f,7.473988
INC_SET(2),481,3316ffed,7.343975
INC_SET(2),482,c4ba6a66,7.336743
INC_SET(2),483,85791395,7.296266
INC_SET(2),484,8ddea625,7.219780
INC_SET(2),485,b55ad127,7.093330
INC_SET(2),486,2c957ff3,6.772279
INC_SET(2),487,ab824b81,6.730354
INC_SET(2),488,a9d0d2b6,6.717190
INC_SET(2),489,2c449c00,6.552133
INC_SET(2),490,008b62e6,6.402483
INC_SET(2),491,d48842e2,6.333137
INC_SET(2),492,56fa6349,6.325953
INC_SET(2),493,ba9fba9b,5.786200
INC_SET(2),494,dcbcbf49,5.660881
INC_SET(2),495,8cb91444,5.448300
INC_SET(2),496,f8f9bd50,5.399433
INC_SET(2),497,3855c6b7,5.145481
INC_SET(2),498,2353fef9,4.896588
INC_SET(2),499,121ead9a,4.748961
INC_SET(2),500,e66f228f,4.727135
INC_SET(2),501,0c80c0ef,4.663721
INC_SET(2),502,74809d4e,4.658836
INC_SET(2),503,727a8880,4.569667
INC_SET(2),504,af9fcea1,4.560154
INC_SET(2),505,6352babf,4.532308
INC_SET(2),506,2325583c,4.273290
INC_SET(2),507,0643874a,4.259209
INC_SET(2),508,353018a3,4.132664
INC_SET(2),509,f388680b,4.072767
INC_SET(2),510,b3eb4a6a,4.033270
INC_SET(2),511,aeefa0d9,3.798480
INC_SET(2),512,29ab1e85,3.753631
INC_SET(2),513,9b23557c,3.750999
INC_SET(2),514,b6f5b44e,3.646540
INC_SET(2),515,27434013,3.637331
INC_SET(2),516,7679cca6,3.599306
INC_SET(2),517,8d3a3b60,3.323670
INC_SET(2),518,0b814aee,3.291948
INC_SET(2),519,51a4c223,3.279360
INC_SET(2),520,4c44ebe0,3.240643
INC_SET(2),521,72db1a96,3.183125
INC_SET(2),522,eb5dc1dc,2.921031
INC_SET(2),523,7d423940,2.914846
INC_SET(2),524,d4b0c208,2.778786
INC_SET(2),525,afb5beff,2.659025
INC_SET(2),526,30a18e5c,2.516303
INC_SET(2),527,58575baf,2.455308
INC_SET(2),528,d260ee1d,2.419279
INC_SET(2),529,a7679b09,2.370792
INC_SET(2),530,9930d7a3,2.291140
INC_SET(2),531,642d2081,2.266761
INC_SET(2),532,482786d1,2.250681
INC_SET(2),533,6f9214c8,2.185834
INC_SET(2),534,22dd33c0,2.134375
INC_SET(2),535,0f46427e,2.127250
INC_SET(2),536,f4f924ea,2.090030
INC_SET(2),537,e64492cd,2.017276
INC_SET(2),538,23786287,1.977694
INC_SET(2),539,f19cd434,1.969512
INC_SET(2),540,370decfe,1.965713
INC_SET(2),541,9b5cddad,1.951077
INC_SET(2),542,440613a9,1.823270
INC_SET(2),543,80df6381,1.735382
INC_SET(2),544,15dd4740,1.691253
INC_SET(2),545,02fe5645,1.623587
INC_SET(2),546,0dc03941,1.575022
INC_SET(2),547,cadef038,1.385260
INC_SET(2),548,8cf89054,1.343604
INC_SET(2),549,e8940559,1.293767
INC_SET(2),550,ca9285a0,1.225654
INC_SET(2),551,0a01bbc4,1.209066
INC_SET(2),552,6692c959,1.147065
INC_SET(2),553,28eb1ca2,1.093409
INC_SET(2),554,9bce4fbf,1.029924
INC_SET(2),555,71eb4742,1.026045
INC_SET(2),556,a7682d47,0.997677
INC_SET(2),557,c043f0bb,0.911779
INC_SET(2),558,74400401,0.884096
INC_SET(2),559,b456237e,0.881038
INC_SET(2),560,0ee3b546,0.856779
INC_SET(2),561,4b42aad4,0.850908
INC_SET(2),562,f3ceec9a,0.849056
INC_SET(2),563,58b872ca,0.838486
INC_SET(2),564,9870f439,0.831856
INC_SET(2),565,78a37415,0.729719
INC_SET(2),566,3a3d6789,0.718993
INC_SET(2),567,552f3623,0.670327
INC_SET(2),568,5a0dd743,0.648204
INC_SET(2),569,6bcac3ce,0.633307
INC_SET(2),570,c321c678,0.632219
INC_SET(2),571,34be0e02,0.629776
INC_SET(2),572,dd0e7a6c,0.627936
INC_SET(2),573,8d9d6714,0.620908
INC_SET(2),574,023727ca,0.615331
INC_SET(2),575,b1008f0a,0.588582
INC_SET(2),576,24bc1b33,0.580056
INC_SET(2),577,98acc9cd,0.561690
INC_SET(2),578,3ca46d09,0.561690
INC_SET(2),579,19faf5d5,0.561690
INC_SET(2),580,20070c5f,0.560180
INC_SET(2),581,7b840ca2,0.543007
INC_SET(2),582,2595ade7,0.523359
INC_SET(2),583,3cdd2b3b,0.486889
INC_SET(2),584,a6cfcc6f,0.429411
INC_SET(2),585,e43f7cd6,0.409413
INC_SET(2),586,7864ae5b,0.404582
INC_SET(2),587,d083e027,0.404277
INC_SET(2),588,0d3524bf,0.385093
INC_SET(2),589,54ad8351,0.358078
INC_SET(2),590,2b17d236,0.313461
INC_SET(2),591,419afa3a,0.293490
INC_SET(2),592,8b0b0522,0.289287
INC_SET(2),593,33eb284e,0.285761
INC_SET(2),594,e9052c2c,0.280328
INC_SET(2),595,54a51d70,0.275158
INC_SET(2),596,a64eb6e0,0.271456
INC_SET(2),597,49788b96,0.220921
INC_SET(2),598,ac77f7fb,0.214998
INC_SET(2),599,bc3b5325,0.210712
INC_SET(2),600,0c92bed0,0.205501
INC_SET(2),601,9bc31609,0.191846
INC_SET(2),602,08a010f2,0.186918
INC_SET(2),603,3944691d,0.173496
INC_SET(2),604,781cd820,0.162254
INC_SET(2),605,c25c000f,0.161435
INC_SET(2),606,c3afaa1f,0.150438
INC_SET(2),607,859ce7ba,0.145292
INC_SET(2),608,e622cad7,0.142443
INC_SET(2),609,5232d239,0.142443
INC_SET(2),610,78a68e92,0.135769
INC_SET(2),611,10fd56c9,0.131293
INC_SET(2),612,36142893,0.127271
INC_SET(2),613,3188dae0,0.094962
INC_SET(2),614,b15b7640,0.094962
INC_SET(2),615,1873385f,0.094962
INC_SET(2),616,7fcbba0d,0.076230
INC_SET(2),617,319b129a,0.074707
INC_SET(2),618,34a39618,0.073121
INC_SET(2),619,fb48555e,0.073121
INC_SET(2),620,a97c33a1,0.067809
INC_SET(2),621,ecff997d,0.067562
INC_SET(2),622,2779df8e,0.065435
INC_SET(2),623,58fdb1d2,0.061445
INC_SET(2),624,3591244b,0.059796
INC_SET(2),625,2f94ed0b,0.059102
INC_SET(2),626,2c9bcb6f,0.057199
INC_SET(2),627,66334bd0,0.053954
INC_SET(2),628,a1b6e470,0.053077
INC_SET(2),629,c77427de,0.048257
INC_SET(2),630,9fe8493d,0.047481
INC_SET(2),631,40b4354f,0.047261
INC_SET(2),632,15159502,0.046605
INC_SET(2),633,b2ab9817,0.045738
INC_SET(2),634,83eb1901,0.045582
INC_SET(2),635,160e703d,0.041930
INC_SET(2),636,1b92b400,0.040163
INC_SET(2),637,e716219e,0.040139
INC_SET(2),638,30d4e150,0.035412
INC_SET(2),639,bea947fc,0.031980
INC_SET(2),640,7b9fe37f,0.031240
INC_SET(2),641,79c11a0a,0.028489
INC_SET(2),642,776f0210,0.028333
INC_SET(2),643,530f0bda,0.027995
INC_SET(2),644,feabd220,0.022811
INC_SET(2),645,c02568c7,0.017907
INC_SET(2),646,08bfe35b,0.017136
INC_SET(2),647,d94ec533,0.014027
INC_SET(2),648,29e82393,0.011870
INC_SET(2),649,4ab3a58e,0.009496
INC_SET(2),650,b6f8e98c,0.006668
INC_SET(2),651,73cb9f90,0.005196
INC_SET(2),652,83c8babc,0.005185
INC_SET(2),653,c8d833af,0.004836
INC_SET(2),654,d60c8ccf,0.003050
INC_SET(2),655,6b7c55d9,0.002939
INC_SET(2),656,b53f898b,0.002807
INC_SET(2),657,9cfeffd7,0.002507
INC_SET(2),658,1c1999d9,0.002329
INC_SET(2),659,d6ae0ac3,0.002082
INC_SET(2),660,2ddf5106,0.001681
INC_SET(2),661,9fb36170,0.001630
INC_SET(2),662,5f05108e,0.001187
INC_SET(2),663,4c931f10,0.000173
INC_SET(2),664,46e2fcc1,0.000114
INC_SET(2),665,fd3cac13,0.000054
INC_SET(2),666,d65c63ed,0.000046
INC_SET(2),667,4b335307,0.000001
INC_SET(2),668,49cd9de4,0.000000
INC_SET(2),669,cec965f4,0.000000
INC_SET(2),670,c4e3c147,0.000000
INC_SET(2),671,300a39b8,0.000000
INC_SET(2),672,6653ba5d,0.000000
INC_SET(2),673,9263cf06,0.000000
INC_SET(2),674,d0fd8d99,0.000000
INC_SET(2),675,a4b78fd4,0.000000
INC_SET(2),676,843d4094,0.000000
RESTRICT,1,e01c5e6f,1072.925035
RESTRICT,2,4fac8a60,643.817256
RESTRICT,3,5c4a4564,538.398265
RESTRICT,4,fbf26031,440.833160
RESTRICT,5,61763071,428.220345
RESTRICT,6,f80dcc87,426.872237
RESTRICT,7,bd687b23,410.025849
RESTRICT,8,e456e860,363.941665
RESTRICT,9,bb68fc84,358.305252
RESTRICT,10,5e9c5130,357.494749
RESTRICT,11,a58e1ccb,356.102071
RESTRICT,12,c15ebad3,330.533017
RESTRICT,13,ae59e30f,319.185960
RESTRICT,14,2212b330,277.392027
RESTRICT,15,21dcf9bb,255.406921
RESTRICT,16,94e4f582,249.091886
RESTRICT,17,675bdab3,233.369370
RESTRICT,18,4be77692,223.027628
RESTRICT,19,be7e5033,210.856889
RESTRICT,20,288e2a6b,205.055619
RESTRICT,21,8629134e,181.558963
RESTRICT,22,81b80df6,174.283334
RESTRICT,23,d054a8b1,167.626922
RESTRICT,24,fd190f56,167.002314
RESTRICT,25,f82398b6,166.808242
RESTRICT,26,06e0075f,152.612082
RESTRICT,27,e49ccfa3,148.184791
RESTRICT,28,3749a06d,140.653867
RESTRICT,29,df42a9d5,140.519312
RESTRICT,30,5cd25475,132.674091
RESTRICT,31,73cf481d,131.700878
RESTRICT,32,361dabfb,121.134608
RESTRICT,33,bcf49b91,118.992179
RESTRICT,34,9b1a3f16,116.175298
RESTRICT,35,e0329c85,114.854230
RESTRICT,36,ad501706,114.736892
RESTRICT,37,34ee4ad6,112.486800
RESTRICT,38,bf8eb2c8,111.993912
RESTRICT,39,c89aeda7,109.158911
RESTRICT,40,fd81c710,108.866665
RESTRICT,41,763dff35,107.455216
RESTRICT,42,43372612,107.355503
RESTRICT,43,54f68b42,106.074113
RESTRICT,44,c39492e0,102.385530
RESTRICT,45,efe5230d,101.643911
RESTRICT,46,5bdc5960,97.527195
RESTRICT,47,4160afe7,93.306965
RESTRICT,48,f956e8a8,91.005128
RESTRICT,49,1f7d6f45,89.670100
RESTRICT,50,699fd979,89.637460
RESTRICT,51,cda5b077,86.879267
RESTRICT,52,cd4a11e0,86.706923
RESTRICT,53,e468e4be,78.658770
RESTRICT,54,eeb68548,74.668114
RESTRICT,55,46c99c39,74.537789
RESTRICT,56,a12ddd4d,73.000692
RESTRICT,57,90cdd724,69.777536
RESTRICT,58,a15503ad,69.528015
RESTRICT,59,39278c29,67.215874
RESTRICT,60,df52dbf0,65.590104
RESTRICT,61,32968653,65.148261
RESTRICT,62,88b7cd99,64.898615
RESTRICT,63,d758d539,64.156275
RESTRICT,64,eabecb2f,64.041320
RESTRICT,65,6fb50430,63.164950
RESTRICT,66,7a74e658,62.670644
RESTRICT,67,4f7fcf2b,60.918792
RESTRICT,68,a6a3beac,59.552862
RESTRICT,69,f7ffbc4d,57.943246
RESTRICT,70,84fab7cb,56.334997
RESTRICT,71,db1e5378,56.156728
RESTRICT,72,b9cdb8b9,55.900739
RESTRICT,73,e84375d7,55.687077
RESTRICT,74,f50a3f09,54.814480
RESTRICT,75,74cd6075,53.984145
RESTRICT,76,39879d7f,53.203714
RESTRICT,77,6cd51df4,52.507874
RESTRICT,78,cdb2b3cb,51.929485
RESTRICT,79,ffa761e3,51.759370
RESTRICT,80,cc3acdc5,51.579609
RESTRICT,81,82e19aa3,49.672686
RESTRICT,82,c2fddc97,48.356702
RESTRICT,83,53c638b7,47.916901
RESTRICT,84,4ba4d3f4,47.864206
RESTRICT,85,4a4e0bd2,47.856163
RESTRICT,86,40969df0,47.816731
RESTRICT,87,85512c92,47.337795
RESTRICT,88,7b947f9b,47.321386
RESTRICT,89,07c7ac45,46.495674
RESTRICT,90,69aee738,46.481906
RESTRICT,91,3d01242d,42.876731
RESTRICT,92,c8fc25be,41.475395
RESTRICT,93,6e7b45bb,41.101856
RESTRICT,94,32fab18e,40.701359
RESTRICT,95,dcc19601,40.003410
RESTRICT,96,b8709041,39.315829
RESTRICT,97,a1ecda03,38.458858
RESTRICT,98,365715b6,37.554302
RESTRICT,99,90793c5a,37.251459
RESTRICT,100,971a2c8e,36.214879
RESTRICT,101,9836ee7d,35.534750
RESTRICT,102,02715563,35.373414
RESTRICT,103,49b6b6e8,34.759472
RESTRICT,104,6ab398cf,34.636023
RESTRICT,105,a08757f0,34.509599
RESTRICT,106,e9b6b31e,34.465415
RESTRICT,107,0326bdd4,33.574516
RESTRICT,108,754dcc1c,33.551606
RESTRICT,109,05bc330d,33.315660
RESTRICT,110,9e487526,31.946443
RESTRICT,111,852f8de1,31.065400
RESTRICT,112,ff43d8c0,30.810292
RESTRICT,113,2de0363f,29.156097
RESTRICT,114,9fb23793,29.057549
RESTRICT,115,230ea5a2,28.786984
RESTRICT,116,703506d9,28.720214
RESTRICT,117,e4adac38,28.576321
RESTRICT,118,7b6e9a66,27.347226
RESTRICT,119,56ecb8ab,25.789203
RESTRICT,120,2da68859,25.462892
RESTRICT,121,2378d22c,25.077651
RESTRICT,122,29cb94eb,24.736907
RESTRICT,123,83549216,23.591132
RESTRICT,124,1a8c80bd,23.442146
RESTRICT,125,dd6753e1,23.383437
RESTRICT,126,c17f5517,22.537572
RESTRICT,127,e1e3bf44,22.500571
RESTRICT,128,db34a890,21.683856
RESTRICT,129,e51041a1,21.443736
RESTRICT,130,be6ecc6e,21.174782
RESTRICT,131,86972c13,21.142644
RESTRICT,132,29c63dce,21.021575
RESTRICT,133,6a5d517a,20.958487
RESTRICT,134,1a4ab5ac,20.297229
RESTRICT,135,74df255d,20.297229
RESTRICT,136,72e666b9,20.297229
RESTRICT,137,0f44cdd7,20.220830
RESTRICT,138,567f3d98,20.117081
RESTRICT,139,7f12ba2f,19.996875
RESTRICT,140,b4a10e2f,19.623702
RESTRICT,141,e323caf8,18.579295
RESTRICT,142,c9ea94c0,17.797862
RESTRICT,143,4edb4940,17.119829
RESTRICT,144,79cd470e,16.356840
RESTRICT,145,095c6793,16.304989
RESTRICT,146,a2561154,16.251932
RESTRICT,147,6ddd874d,15.750836
RESTRICT,148,2ada6e86,15.665175
RESTRICT,149,2774b169,15.184306
RESTRICT,150,ed1afccd,14.764681
RESTRICT,151,67598e3b,14.687950
RESTRICT,152,8f5d6dda,14.626771
RESTRICT,153,7a638c75,14.485595
RESTRICT,154,9e6c7289,14.439803
RESTRICT,155,5023de9c,14.186660
RESTRICT,156,8057bbde,14.157215
RESTRICT,157,7c908198,14.126680
RESTRICT,158,dd13a202,13.906424
RESTRICT,159,88ea3b16,13.906424
RESTRICT,160,4360daac,13.702105
RESTRICT,161,06aece1d,13.658186
RESTRICT,162,300d8eb1,13.329702
RESTRICT,163,1b6a5563,13.273917
RESTRICT,164,0e9ea3df,12.989385
RESTRICT,165,95aa9a77,12.956790
RESTRICT,166,34cde77e,12.808246
RESTRICT,167,44cf422f,12.651915
RESTRICT,168,8c51cf8e,12.490258
RESTRICT,169,a0d6c172,12.294923
RESTRICT,170,b3e5b736,11.963157
RESTRICT,171,768884ed,11.321843
RESTRICT,172,e646c348,11.213664
RESTRICT,173,dd062fa0,11.044301
RESTRICT,174,b2d661bc,10.670879
RESTRICT,175,772fe275,10.281161
RESTRICT,176,225704e5,10.274542
RESTRICT,177,7bb73cb4,10.271663
RESTRICT,178,7177e0a6,9.793339
RESTRICT,179,432b354b,9.324135
RESTRICT,180,d8e34c4c,9.220525
RESTRICT,181,632201f9,9.218436
RESTRICT,182,e1d3b90b,9.156427
RESTRICT,183,19f08624,9.089313
RESTRICT,184,85bd0b49,9.074226
RESTRICT,185,25fd6e00,8.913314
RESTRICT,186,49efa825,8.799536
RESTRICT,187,569ad794,8.581414
RESTRICT,188,24fbac16,8.522686
RESTRICT,189,f8a75ee7,8.265330
RESTRICT,190,0e1da38c,8.066939
RESTRICT,191,8fc44a6c,8.062957
RESTRICT,192,530291bf,8.055100
RESTRICT,193,21778712,8.000000
RESTRICT,194,27ed1b9a,7.863583
RESTRICT,195,99d48998,7.507266
RESTRICT,196,2ee9732f,7.373396
RESTRICT,197,873e16bc,7.105437
RESTRICT,198,7753c081,7.047548
RESTRICT,199,82c6c1ec,7.003626
RESTRICT,200,f2b13db3,6.818287
RESTRICT,201,a7185f96,6.801558
RESTRICT,202,5504a44f,6.701357
RESTRICT,203,ebbb520c,6.645992
RESTRICT,204,ba0b4d84,6.518952
RESTRICT,205,665786db,6.469500
RESTRICT,206,2e95aa6d,6.150394
RESTRICT,207,f01044c0,5.842063
RESTRICT,208,e8024d1c,5.566631
RESTRICT,209,44cb05ab,5.557758
RESTRICT,210,7526187d,5.203570
RESTRICT,211,6bc8f8db,5.143574
RESTRICT,212,98e88fd2,5.130519
RESTRICT,213,e083b6dd,5.118407
RESTRICT,214,5706c7a2,4.880884
RESTRICT,215,0432d5e8,4.814307
RESTRICT,216,d250a3ba,4.644937
RESTRICT,217,23fee43e,4.607039
RESTRICT,218,eb7b3b64,4.555706
RESTRICT,219,dbe4d258,4.537113
RESTRICT,220,6516655a,4.537113
RESTRICT,221,99a53655,4.533530
RESTRICT,222,2898d675,4.501362
RESTRICT,223,55ac1ab4,4.437115
RESTRICT,224,6cfbbd15,4.348252
RESTRICT,225,aae7ff30,4.180068
RESTRICT,226,56f18cb1,4.152109
RESTRICT,227,c0e0c6bd,4.009977
RESTRICT,228,3ac5b456,3.984643
RESTRICT,229,43b4a4ad,3.902154
RESTRICT,230,f50f068b,3.858790
RESTRICT,231,171f3bb2,3.760400
RESTRICT,232,7bf0532f,3.557220
RESTRICT,233,1a16f248,3.548257
RESTRICT,234,343466df,3.439904
RESTRICT,235,f189b2dc,3.423829
RESTRICT,236,ffb264fe,3.378219
RESTRICT,237,95aae3c6,3.247175
RESTRICT,238,14dfc92f,3.155018
RESTRICT,239,cb2faa64,3.150044
RESTRICT,240,f1bd5e06,3.061986
RESTRICT,241,6093ed8a,2.848860
RESTRICT,242,d4bc8972,2.808421
RESTRICT,243,8d9bf255,2.752084
RESTRICT,244,3d63548a,2.739312
RESTRICT,245,999e6df3,2.451308
RESTRICT,246,cd31f5d7,2.418132
RESTRICT,247,d851d720,2.370694
RESTRICT,248,4ada464e,2.344099
RESTRICT,249,0d226682,2.340587
RESTRICT,250,422fd175,2.316677
RESTRICT,251,fd14f9eb,2.294130
RESTRICT,252,48baec80,2.236032
RESTRICT,253,1e335c2b,2.107166
RESTRICT,254,48107883,2.106242
RESTRICT,255,da11efef,2.059847
RESTRICT,256,1d672407,2.052090
RESTRICT,257,e40efdaa,2.050660
RESTRICT,258,c09e6d75,1.996626
RESTRICT,259,dea82f30,1.899267
RESTRICT,260,2576941c,1.899240
RESTRICT,261,1377523c,1.889759
RESTRICT,262,5e438ee9,1.872520
RESTRICT,263,9278d2a5,1.861255
RESTRICT,264,9f7db161,1.768192
RESTRICT,265,29851f04,1.747301
RESTRICT,266,2fbad2ec,1.713559
RESTRICT,267,5838910f,1.698322
RESTRICT,268,835ca457,1.697310
RESTRICT,269,693b1748,1.618119
RESTRICT,270,3761b25e,1.582722
RESTRICT,271,76e5b1da,1.577319
RESTRICT,272,c702a306,1.514139
RESTRICT,273,d6a5aad0,1.506762
RESTRICT,274,79c9db57,1.437986
RESTRICT,275,0c4347b6,1.432901
RESTRICT,276,fc475cb3,1.415200
RESTRICT,277,6f207b77,1.352663
RESTRICT,278,42238e5c,1.296409
RESTRICT,279,234540ff,1.288302
RESTRICT,280,e776a7dd,1.266614
RESTRICT,281,f468704d,1.264440
RESTRICT,282,223f4ea3,1.259552
RESTRICT,283,dc47050f,1.255872
RESTRICT,284,79467a47,1.251903
RESTRICT,285,f12cd04a,1.241816
RESTRICT,286,2e7e032d,1.177164
RESTRICT,287,5ad37da2,1.163454
RESTRICT,288,007e0dda,1.139544
RESTRICT,289,31ff16e8,1.136074
RESTRICT,290,03201018,1.123380
RESTRICT,291,541a6da2,1.123380
RESTRICT,292,8d762bfc,1.123380
RESTRICT,293,e5709123,1.120361
RESTRICT,294,d04d302a,1.083143
RESTRICT,295,57b2a8ee,1.035682
RESTRICT,296,2150a5b8,1.028026
RESTRICT,297,941e381b,1.016502
RESTRICT,298,abc81e72,0.998368
RESTRICT,299,ced6d06b,0.996483
RESTRICT,300,59130a26,0.949633
RESTRICT,301,d7ff4cb2,0.949633
RESTRICT,302,fbe80c76,0.949633
RESTRICT,303,3588b624,0.949633
RESTRICT,304,5f76b35a,0.949633
RESTRICT,305,7f6a6bdb,0.858822
RESTRICT,306,c61d25a6,0.849132
RESTRICT,307,42da031a,0.770186
RESTRICT,308,ec21ae10,0.746599
RESTRICT,309,7b2421b7,0.684788
RESTRICT,310,89728485,0.646816
RESTRICT,311,652147c3,0.633089
RESTRICT,312,9a196e58,0.633089
RESTRICT,313,0a8962eb,0.633089
RESTRICT,314,e87ee520,0.578574
RESTRICT,315,0cafaf28,0.567207
RESTRICT,316,9404fbcc,0.441843
RESTRICT,317,34f891dd,0.430830
RESTRICT,318,7f6cb678,0.411003
RESTRICT,319,089e24da,0.393638
RESTRICT,320,cf71144a,0.383692
RESTRICT,321,f220ddaa,0.372499
RESTRICT,322,7da63367,0.346991
RESTRICT,323,d6de7548,0.336512
RESTRICT,324,02038b15,0.295454
RESTRICT,325,d9700cbc,0.290584
RESTRICT,326,df5990b4,0.284886
RESTRICT,327,59782bc4,0.284886
RESTRICT,328,c82d35d2,0.271537
RESTRICT,329,5badc20f,0.240182
RESTRICT,330,eb8af54e,0.223877
RESTRICT,331,2ffc8eb0,0.210272
RESTRICT,332,5a2525ad,0.208185
RESTRICT,333,783a9c68,0.193536
RESTRICT,334,19d76058,0.189924
RESTRICT,335,6497850c,0.189924
RESTRICT,336,4a33daf9,0.189924
RESTRICT,337,e8383db3,0.152461
RESTRICT,338,b1039e13,0.149413
RESTRICT,339,effecc35,0.146717
RESTRICT,340,7c33e932,0.146241
RESTRICT,341,dbe1fa99,0.146241
RESTRICT,342,bc20d85c,0.145121
RESTRICT,343,811667c9,0.135618
RESTRICT,344,f252e233,0.130871
RESTRICT,345,d6591cb1,0.118204
RESTRICT,346,b717ad51,0.114492
RESTRICT,347,9617a384,0.110200
RESTRICT,348,f1dff898,0.094962
RESTRICT,349,1d43b1fd,0.094803
RESTRICT,350,f1f131f5,0.094523
RESTRICT,351,22e66d7c,0.093211
RESTRICT,352,a92eb7bf,0.091477
RESTRICT,353,9ee98131,0.091164
RESTRICT,354,babcecdf,0.083446
RESTRICT,355,cc3ea85e,0.080326
RESTRICT,356,5e36d032,0.080279
RESTRICT,357,0bcbbfca,0.064859
RESTRICT,358,eca1059f,0.063961
RESTRICT,359,011e8da1,0.063811
RESTRICT,360,ab5daf8e,0.062482
RESTRICT,361,5ecd4afb,0.058876
RESTRICT,362,2895cf77,0.058667
RESTRICT,363,574e459c,0.056977
RESTRICT,364,c386a05f,0.056665
RESTRICT,365,f222398d,0.041676
RESTRICT,366,c16dae66,0.041138
RESTRICT,367,d9453f83,0.040417
RESTRICT,368,563d8a6c,0.036123
RESTRICT,369,6f43c032,0.035814
RESTRICT,370,85753339,0.035084
RESTRICT,371,ae45ee45,0.034273
RESTRICT,372,15a9133d,0.026765
RESTRICT,373,ae2e6f22,0.023740
RESTRICT,374,fa9eaecc,0.022877
RESTRICT,375,b600efd2,0.018992
RESTRICT,376,2f405948,0.013429
RESTRICT,377,a417551d,0.010393
RESTRICT,378,4d530e00,0.010371
RESTRICT,379,cd6f71b5,0.009673
RESTRICT,380,b63a09ac,0.009318
RESTRICT,381,2de39d90,0.009318
RESTRICT,382,d6144608,0.007902
RESTRICT,383,4bc5b25b,0.006252
RESTRICT,384,0fa2206d,0.006101
RESTRICT,385,f20c054a,0.005878
RESTRICT,386,2b0e2d2e,0.005614
RESTRICT,387,b0a91b65,0.005015
RESTRICT,388,1b8144bc,0.004659
RESTRICT,389,d0b1fd94,0.004165
RESTRICT,390,a8430f2f,0.003975
RESTRICT,391,065bdd7b,0.003362
RESTRICT,392,5c864e53,0.003260
RESTRICT,393,2bc3d804,0.002374
RESTRICT,394,e0f89222,0.000764
RESTRICT,395,ae211a83,0.000398
RESTRICT,396,d25ec370,0.000346
RESTRICT,397,837778b7,0.000340
RESTRICT,398,4472470b,0.000227
RESTRICT,399,4e9119ea,0.000109
RESTRICT,400,7ad0b85f,0.000092
RESTRICT,401,68fd5937,0.000001
RESTRICT,402,24a7d952,0.000001
RESTRICT,403,e7b64b5d,0.000001
RESTRICT,404,fa9f119b,0.000001
RESTRICT,405,bab6f110,0.000000
RESTRICT,406,86e3c0f3,0.000000
RESTRICT,407,e821bc8f,0.000000
RESTRICT,408,e0e01a8c,0.000000
RESTRICT,409,429fc048,0.000000
RESTRICT,410,ca5d3ff9,0.000000
RESTRICT,411,36942433,0.000000
RESTRICT,412,ea294f1b,0.000000
RESTRICT+INC_SET,1,9ea88b73,928.793761
RESTRICT+INC_SET,2,5dfa034e,761.977258
RESTRICT+INC_SET,3,4e4f45d7,725.034711
RESTRICT+INC_SET,4,076d4dcb,544.116011
RESTRICT+INC_SET,5,f9a44568,462.150028
RESTRICT+INC_SET,6,d82487db,461.863922
RESTRICT+INC_SET,7,f1f911e4,446.994489
RESTRICT+INC_SET,8,2c1eb102,427.304351
RESTRICT+INC_SET,9,edbbd5d8,423.023724
RESTRICT+INC_SET,10,934c31ed,366.518329
RESTRICT+INC_SET,11,c515062e,355.372937
RESTRICT+INC_SET,12,d155e3cc,347.583447
RESTRICT+INC_SET,13,1ae52efc,341.147874
RESTRICT+INC_SET,14,a159ee49,340.058178
RESTRICT+INC_SET,15,7044c105,331.242878
RESTRICT+INC_SET,16,bd5d259f,330.139874
RESTRICT+INC_SET,17,80cbb6a8,291.284144
RESTRICT+INC_SET,18,66efc0fa,288.203430
RESTRICT+INC_SET,19,94c3eaa5,283.149896
RESTRICT+INC_SET,20,dcf28b2c,279.650565
RESTRICT+INC_SET,21,29af44ff,271.145040
RESTRICT+INC_SET,22,474e6ee5,252.338895
RESTRICT+INC_SET,23,f47b2c44,236.166904
RESTRICT+INC_SET,24,15b4c9c7,227.911235
RESTRICT+INC_SET,25,d287af08,220.580924
RESTRICT+INC_SET,26,14743b62,211.282524
RESTRICT+INC_SET,27,2d09f261,204.163971
RESTRICT+INC_SET,28,95b9504e,200.984385
RESTRICT+INC_SET,29,513ea206,198.438153
RESTRICT+INC_SET,30,91f2fcc1,191.200399
RESTRICT+INC_SET,31,c2c5f17b,190.407961
RESTRICT+INC_SET,32,86ae49b4,168.091383
RESTRICT+INC_SET,33,a2a87801,167.180407
RESTRICT+INC_SET,34,1f66f907,143.792002
RESTRICT+INC_SET,35,d0746c3b,137.440891
RESTRICT+INC_SET,36,779a1aa2,135.177165
RESTRICT+INC_SET,37,89a6afb4,124.000950
RESTRICT+INC_SET,38,d7bc0f2d,123.474073
RESTRICT+INC_SET,39,7581d832,119.105725
RESTRICT+INC_SET,40,cadd9e07,117.801637
RESTRICT+INC_SET,41,f2126e09,117.773017
RESTRICT+INC_SET,42,10f68228,115.989983
RESTRICT+INC_SET,43,346d0e7d,110.809304
RESTRICT+INC_SET,44,fcc2b8d2,104.486800
RESTRICT+INC_SET,45,40d47d1d,102.611140
RESTRICT+INC_SET,46,6d2a7415,99.853121
RESTRICT+INC_SET,47,5b72a050,99.758201
RESTRICT+INC_SET,48,f83e565e,99.533812
RESTRICT+INC_SET,49,9d9c70b8,99.462657
RESTRICT+INC_SET,50,36a62c37,99.450752
RESTRICT+INC_SET,51,6edca383,99.264717
RESTRICT+INC_SET,52,e4602ae4,98.951144
RESTRICT+INC_SET,53,eb47f510,97.346971
RESTRICT+INC_SET,54,36986a20,97.233896
RESTRICT+INC_SET,55,8367d0d2,97.226216
RESTRICT+INC_SET,56,47f71441,95.681409
RESTRICT+INC_SET,57,2ecd2193,92.367765
RESTRICT+INC_SET,58,0bf6533a,89.670100
RESTRICT+INC_SET,59,49d1392f,88.975222
RESTRICT+INC_SET,60,3cf9d67e,87.028145
RESTRICT+INC_SET,61,9b16a1fa,84.736934
RESTRICT+INC_SET,62,25a0ef5b,83.040207
RESTRICT+INC_SET,63,3ea9e652,79.668012
RESTRICT+INC_SET,64,7778f289,78.658770
RESTRICT+INC_SET,65,9ae27064,74.666447
RESTRICT+INC_SET,66,516c78df,71.583719
RESTRICT+INC_SET,67,0a2078e7,71.428802
RESTRICT+INC_SET,68,ff1b0622,70.280114
RESTRICT+INC_SET,69,c1030ffc,69.528015
RESTRICT+INC_SET,70,a20fa4e5,67.082927
RESTRICT+INC_SET,71,d929d548,65.579263
RESTRICT+INC_SET,72,3d3ea9f7,64.041320
RESTRICT+INC_SET,73,5f9a7770,63.957282
RESTRICT+INC_SET,74,728fd91a,63.402698
RESTRICT+INC_SET,75,b15185b9,62.348770
RESTRICT+INC_SET,76,b2af3b57,60.927592
RESTRICT+INC_SET,77,8fde60c6,56.451863
RESTRICT+INC_SET,78,5783228e,55.842589
RESTRICT+INC_SET,79,cd95b39e,54.843351
RESTRICT+INC_SET,80,bc052ca2,54.758013
RESTRICT+INC_SET,81,f46a885d,53.468035
RESTRICT+INC_SET,82,3523871e,53.203714
RESTRICT+INC_SET,83,c1eeedf4,52.823614
RESTRICT+INC_SET,84,69a0a019,51.735161
RESTRICT+INC_SET,85,3ac40657,51.322211
RESTRICT+INC_SET,86,ec80ff69,48.356702
RESTRICT+INC_SET,87,41dfa6c4,47.916901
RESTRICT+INC_SET,88,f528d661,47.796336
RESTRICT+INC_SET,89,a1cad067,47.337795
RESTRICT+INC_SET,90,98b88b6b,46.495674
RESTRICT+INC_SET,91,6fadddca,45.413450
RESTRICT+INC_SET,92,c543b8a2,44.715404
RESTRICT+INC_SET,93,738f7625,44.581638
RESTRICT+INC_SET,94,10da5d96,43.262007
RESTRICT+INC_SET,95,6dcaa136,43.079443
RESTRICT+INC_SET,96,92f3f9f1,42.876731
RESTRICT+INC_SET,97,103c69fc,41.475395
RESTRICT+INC_SET,98,c567a10d,40.910107
RESTRICT+INC_SET,99,de34a52c,40.003410
RESTRICT+INC_SET,100,74d30e81,39.727554
RESTRICT+INC_SET,101,987a5f48,37.554302
RESTRICT+INC_SET,102,ca85218a,36.540943
RESTRICT+INC_SET,103,af75a3b4,36.435427
RESTRICT+INC_SET,104,9bcc963c,35.660000
RESTRICT+INC_SET,105,a15571e8,35.148266
RESTRICT+INC_SET,106,7ef433ae,34.051201
RESTRICT+INC_SET,107,434960d2,33.551606
RESTRICT+INC_SET,108,f5bab5fa,32.252652
RESTRICT+INC_SET,109,d0967ca4,31.942892
RESTRICT+INC_SET,110,c1d20e3a,31.190515
RESTRICT+INC_SET,111,b168805c,31.041474
RESTRICT+INC_SET,112,185098df,30.969424
RESTRICT+INC_SET,113,dcfe97fb,30.786061
RESTRICT+INC_SET,114,3d455c96,30.401612
RESTRICT+INC_SET,115,a7f9be17,28.884941
RESTRICT+INC_SET,116,568d0959,28.746135
RESTRICT+INC_SET,117,b1d89d12,28.493497
RESTRICT+INC_SET,118,fd9d335c,27.982925
RESTRICT+INC_SET,119,98eb3637,27.347226
RESTRICT+INC_SET,120,ee0b0514,26.235965
RESTRICT+INC_SET,121,9d86e4ce,25.789203
RESTRICT+INC_SET,122,9404a7e8,25.586144
RESTRICT+INC_SET,123,f2843838,25.462892
RESTRICT+INC_SET,124,930310a2,25.196905
RESTRICT+INC_SET,125,189a1c16,23.075369
RESTRICT+INC_SET,126,349425af,22.819796
RESTRICT+INC_SET,127,c0adf2c8,22.537572
RESTRICT+INC_SET,128,5c78f32e,22.421830
RESTRICT+INC_SET,129,02be3533,21.683856
RESTRICT+INC_SET,130,813070af,21.196678
RESTRICT+INC_SET,131,1dd1e38f,21.021575
RESTRICT+INC_SET,132,a7859a9d,20.826457
RESTRICT+INC_SET,133,e2007553,20.556647
RESTRICT+INC_SET,134,62d7304d,20.297229
RESTRICT+INC_SET,135,7475f9fc,20.297229
RESTRICT+INC_SET,136,132e3da4,20.297229
RESTRICT+INC_SET,137,9e560b06,19.872459
RESTRICT+INC_SET,138,d9556605,19.695280
RESTRICT+INC_SET,139,cf3e3cf6,19.623702
RESTRICT+INC_SET,140,60a15749,17.538992
RESTRICT+INC_SET,141,c2d218e6,17.300773
RESTRICT+INC_SET,142,5254bd8f,17.119829
RESTRICT+INC_SET,143,e0b51bc7,16.841300
RESTRICT+INC_SET,144,d8a5c9ef,16.397526
RESTRICT+INC_SET,145,37f1cddf,16.304989
RESTRICT+INC_SET,146,166a8eb5,15.193920
RESTRICT+INC_SET,147,b72e8bd8,15.091508
RESTRICT+INC_SET,148,7aff81db,14.737609
RESTRICT+INC_SET,149,2bf8f856,14.687950
RESTRICT+INC_SET,150,6866e90d,14.439803
RESTRICT+INC_SET,151,ea204d9b,14.403836
RESTRICT+INC_SET,152,74d77d29,14.186660
RESTRICT+INC_SET,153,e91bbd2f,13.702105
RESTRICT+INC_SET,154,4a0b1a78,13.271722
RESTRICT+INC_SET,155,6f728042,12.909749
RESTRICT+INC_SET,156,ca99a893,12.708566
RESTRICT+INC_SET,157,bfca3abb,12.651915
RESTRICT+INC_SET,158,d4f0cdc7,12.593204
RESTRICT+INC_SET,159,147172d0,12.490258
RESTRICT+INC_SET,160,1e10bfed,11.963157
RESTRICT+INC_SET,161,c631aae4,11.960115
RESTRICT+INC_SET,162,f3730b0b,11.960115
RESTRICT+INC_SET,163,42a3505d,11.922582
RESTRICT+INC_SET,164,56761f16,11.705725
RESTRICT+INC_SET,165,aa34cebc,11.321843
RESTRICT+INC_SET,166,078b1128,11.290782
RESTRICT+INC_SET,167,b7e4419a,11.213664
RESTRICT+INC_SET,168,27817c58,10.349211
RESTRICT+INC_SET,169,7b78239a,10.281161
RESTRICT+INC_SET,170,657d704b,10.274542
RESTRICT+INC_SET,171,c9fd9613,10.271663
RESTRICT+INC_SET,172,0b93c124,9.793339
RESTRICT+INC_SET,173,6417bb2a,9.296529
RESTRICT+INC_SET,174,1428ba7e,9.220525
RESTRICT+INC_SET,175,ca5d2161,9.218436
RESTRICT+INC_SET,176,6a9913df,9.189341
RESTRICT+INC_SET,177,6254a162,9.156427
RESTRICT+INC_SET,178,30985de0,8.913314
RESTRICT+INC_SET,179,f7ecd37c,8.556485
RESTRICT+INC_SET,180,412c657d,8.522686
RESTRICT+INC_SET,181,8560a147,8.066939
RESTRICT+INC_SET,182,7a04086d,8.062957
RESTRICT+INC_SET,183,9c46e3c1,8.055100
RESTRICT+INC_SET,184,03e57adc,8.000000
RESTRICT+INC_SET,185,0d2ec4c0,7.885484
RESTRICT+INC_SET,186,a88e9962,7.863583
RESTRICT+INC_SET,187,718b93f0,7.596960
RESTRICT+INC_SET,188,0e1985e0,7.507266
RESTRICT+INC_SET,189,6c97bbdc,7.501998
RESTRICT+INC_SET,190,30ea6987,7.373396
RESTRICT+INC_SET,191,2ebfe0b5,7.293082
RESTRICT+INC_SET,192,f11e456d,6.898584
RESTRICT+INC_SET,193,0d2b5936,6.645992
RESTRICT+INC_SET,194,33f6a675,6.469500
RESTRICT+INC_SET,195,88db1ce8,6.334834
RESTRICT+INC_SET,196,d9a8d478,6.217896
RESTRICT+INC_SET,197,fc29997d,6.128145
RESTRICT+INC_SET,198,d52a5006,6.031680
RESTRICT+INC_SET,199,fa4c4b1c,5.557758
RESTRICT+INC_SET,200,d1d9dfe8,5.333300
RESTRICT+INC_SET,201,0a9e2463,5.222260
RESTRICT+INC_SET,202,308c6b15,5.163153
RESTRICT+INC_SET,203,42bcaab8,5.144772
RESTRICT+INC_SET,204,55972f9f,5.130519
RESTRICT+INC_SET,205,90ccfcc6,5.118407
RESTRICT+INC_SET,206,3a9fbf71,5.053867
RESTRICT+INC_SET,207,c35e1b0d,4.964108
RESTRICT+INC_SET,208,0b3de362,4.880884
RESTRICT+INC_SET,209,8243710b,4.780964
RESTRICT+INC_SET,210,45f4118b,4.748166
RESTRICT+INC_SET,211,b9ef0cc5,4.644937
RESTRICT+INC_SET,212,29af8539,4.555706
RESTRICT+INC_SET,213,db2ebd64,4.533530
RESTRICT+INC_SET,214,af5304e3,4.501362
RESTRICT+INC_SET,215,a41baa4c,4.278243
RESTRICT+INC_SET,216,5a08edb9,4.278243
RESTRICT+INC_SET,217,52857ac7,4.257480
RESTRICT+INC_SET,218,30c5dbb0,4.180068
RESTRICT+INC_SET,219,142be0a2,4.152109
RESTRICT+INC_SET,220,d6c82973,3.951873
RESTRICT+INC_SET,221,fb9350a6,3.931427
RESTRICT+INC_SET,222,d9c7300c,3.902154
RESTRICT+INC_SET,223,8a9ca4ec,3.799636
RESTRICT+INC_SET,224,d012bb53,3.760400
RESTRICT+INC_SET,225,5bba7f0d,3.646541
RESTRICT+INC_SET,226,0e2b3e00,3.595235
RESTRICT+INC_SET,227,c403fe8b,3.556279
RESTRICT+INC_SET,228,5f096421,3.548257
RESTRICT+INC_SET,229,c15533fb,3.247175
RESTRICT+INC_SET,230,d87afd44,3.172396
RESTRICT+INC_SET,231,16beab40,3.150044
RESTRICT+INC_SET,232,ab72bff2,3.025224
RESTRICT+INC_SET,233,8a5fe916,2.848860
RESTRICT+INC_SET,234,0a74714d,2.808421
RESTRICT+INC_SET,235,6227ac9d,2.787296
RESTRICT+INC_SET,236,93046370,2.739312
RESTRICT+INC_SET,237,834ec246,2.628965
RESTRICT+INC_SET,238,e9b636ba,2.418132
RESTRICT+INC_SET,239,d4e1bee7,2.370694
RESTRICT+INC_SET,240,de9864a6,2.344099
RESTRICT+INC_SET,241,b7c4e7f5,2.340587
RESTRICT+INC_SET,242,357d2672,2.325576
RESTRICT+INC_SET,243,963a7373,2.296206
RESTRICT+INC_SET,244,054130d6,2.290207
RESTRICT+INC_SET,245,8111a972,2.241297
RESTRICT+INC_SET,246,dbe0863a,2.236032
RESTRICT+INC_SET,247,5d2596c0,2.206799
RESTRICT+INC_SET,248,82462a63,2.059847
RESTRICT+INC_SET,249,4f1207ed,2.050660
RESTRICT+INC_SET,250,b1342376,2.024012
RESTRICT+INC_SET,251,74ffc8c3,1.992364
RESTRICT+INC_SET,252,82c13291,1.899267
RESTRICT+INC_SET,253,a53bee18,1.899267
RESTRICT+INC_SET,254,d50d22a8,1.899240
RESTRICT+INC_SET,255,05b0db39,1.894805
RESTRICT+INC_SET,256,2fac85cf,1.889759
RESTRICT+INC_SET,257,6371dfa8,1.862167
RESTRICT+INC_SET,258,981384c6,1.861255
RESTRICT+INC_SET,259,fea42244,1.768192
RESTRICT+INC_SET,260,28abd465,1.759766
RESTRICT+INC_SET,261,292a531d,1.755045
RESTRICT+INC_SET,262,b4e0bad5,1.713559
RESTRICT+INC_SET,263,b96689ab,1.690857
RESTRICT+INC_SET,264,79a44249,1.618119
RESTRICT+INC_SET,265,0fa4f4d5,1.577319
RESTRICT+INC_SET,266,e2404e28,1.577319
RESTRICT+INC_SET,267,e03e9293,1.437986
RESTRICT+INC_SET,268,8c39194c,1.408097
RESTRICT+INC_SET,269,99dd89ea,1.340655
RESTRICT+INC_SET,270,77a25286,1.296409
RESTRICT+INC_SET,271,ba5a01f1,1.288302
RESTRICT+INC_SET,272,8f1fe893,1.266614
RESTRICT+INC_SET,273,00036f8f,1.264440
RESTRICT+INC_SET,274,b8ca03fb,1.259552
RESTRICT+INC_SET,275,6059a4d0,1.255872
RESTRICT+INC_SET,276,1234e070,1.251903
RESTRICT+INC_SET,277,9a0ab95c,1.241816
RESTRICT+INC_SET,278,4b8829c7,1.177164
RESTRICT+INC_SET,279,4d5bfb6c,1.146125
RESTRICT+INC_SET,280,3a63fc8d,1.123380
RESTRICT+INC_SET,281,52b2da43,1.123380
RESTRICT+INC_SET,282,855d5e44,1.123380
RESTRICT+INC_SET,283,62868621,1.120361
RESTRICT+INC_SET,284,d5c56e6b,1.112824
RESTRICT+INC_SET,285,316d4f0e,1.035682
RESTRICT+INC_SET,286,63e698bd,1.028026
RESTRICT+INC_SET,287,66dfa4ae,1.006027
RESTRICT+INC_SET,288,889112b4,0.998368
RESTRICT+INC_SET,289,da894962,0.996587
RESTRICT+INC_SET,290,556af1cc,0.949633
RESTRICT+INC_SET,291,eccc0eb0,0.949633
RESTRICT+INC_SET,292,12cfb887,0.949633
RESTRICT+INC_SET,293,bb9d99a7,0.949633
RESTRICT+INC_SET,294,cb73ccdb,0.858822
RESTRICT+INC_SET,295,0a5335f9,0.803790
RESTRICT+INC_SET,296,8e654d0b,0.791361
RESTRICT+INC_SET,297,d609dbd8,0.770186
RESTRICT+INC_SET,298,588aca88,0.740482
RESTRICT+INC_SET,299,c6f7c079,0.739594
RESTRICT+INC_SET,300,315e0c1e,0.702080
RESTRICT+INC_SET,301,5848e0f8,0.684788
RESTRICT+INC_SET,302,90949830,0.681600
RESTRICT+INC_SET,303,f4a4f5ef,0.646816
RESTRICT+INC_SET,304,ae88033e,0.636534
RESTRICT+INC_SET,305,1e3f7811,0.595835
RESTRICT+INC_SET,306,bc544fcc,0.416507
RESTRICT+INC_SET,307,d0184288,0.388651
RESTRICT+INC_SET,308,31dd042a,0.383692
RESTRICT+INC_SET,309,738061b4,0.373954
RESTRICT+INC_SET,310,472489d4,0.346991
RESTRICT+INC_SET,311,6b6eca06,0.295454
RESTRICT+INC_SET,312,426cf35b,0.284886
RESTRICT+INC_SET,313,bf5a0a1e,0.284886
RESTRICT+INC_SET,314,1b3e9dcc,0.248437
RESTRICT+INC_SET,315,8edcd9fa,0.236257
RESTRICT+INC_SET,316,7165aa39,0.233607
RESTRICT+INC_SET,317,832d2abc,0.223877
RESTRICT+INC_SET,318,a001eddc,0.220921
RESTRICT+INC_SET,319,59f8922a,0.210272
RESTRICT+INC_SET,320,b7684315,0.201567
RESTRICT+INC_SET,321,9c6ed9e6,0.189924
RESTRICT+INC_SET,322,bd59ca9e,0.179406
RESTRICT+INC_SET,323,54a1ce00,0.175626
RESTRICT+INC_SET,324,e0f7d820,0.152461
RESTRICT+INC_SET,325,9b4de59b,0.146717
RESTRICT+INC_SET,326,1fc8770d,0.146241
RESTRICT+INC_SET,327,a8334e34,0.146241
RESTRICT+INC_SET,328,a44dd061,0.135618
RESTRICT+INC_SET,329,0dc8511c,0.118204
RESTRICT+INC_SET,330,cbbbfc6a,0.114492
RESTRICT+INC_SET,331,2d1438e6,0.097289
RESTRICT+INC_SET,332,78fecf2f,0.094962
RESTRICT+INC_SET,333,224e899f,0.094523
RESTRICT+INC_SET,334,61cb9d12,0.094314
RESTRICT+INC_SET,335,ef843493,0.091477
RESTRICT+INC_SET,336,379d36be,0.091164
RESTRICT+INC_SET,337,a15cc826,0.083446
RESTRICT+INC_SET,338,9d10564b,0.080326
RESTRICT+INC_SET,339,e366af04,0.080279
RESTRICT+INC_SET,340,81af852b,0.064859
RESTRICT+INC_SET,341,a870bc76,0.062482
RESTRICT+INC_SET,342,523814fd,0.058876
RESTRICT+INC_SET,343,0899d522,0.056977
RESTRICT+INC_SET,344,a8791462,0.056665
RESTRICT+INC_SET,345,5946864a,0.055610
RESTRICT+INC_SET,346,444950fc,0.052023
RESTRICT+INC_SET,347,7238d493,0.048374
RESTRICT+INC_SET,348,992e049f,0.043624
RESTRICT+INC_SET,349,740f1f45,0.041676
RESTRICT+INC_SET,350,2b7fc326,0.035814
RESTRICT+INC_SET,351,0556f912,0.035084
RESTRICT+INC_SET,352,3ef9a9e1,0.034273
RESTRICT+INC_SET,353,72f159a2,0.028774
RESTRICT+INC_SET,354,f2fe5345,0.023740
RESTRICT+INC_SET,355,2ddf8310,0.022877
RESTRICT+INC_SET,356,51391414,0.018992
RESTRICT+INC_SET,357,e4c278fc,0.012096
RESTRICT+INC_SET,358,b00bbec4,0.010393
RESTRICT+INC_SET,359,7556e3ae,0.010149
RESTRICT+INC_SET,360,b1e6ecb4,0.009673
RESTRICT+INC_SET,361,c39ef546,0.007902
RESTRICT+INC_SET,362,0cf3f1f6,0.007768
RESTRICT+INC_SET,363,d6c8011a,0.007367
RESTRICT+INC_SET,364,40f2581b,0.006768
RESTRICT+INC_SET,365,e2798758,0.006635
RESTRICT+INC_SET,366,f3b26c5c,0.006252
RESTRICT+INC_SET,367,63abc594,0.006101
RESTRICT+INC_SET,368,d2eefdd9,0.005878
RESTRICT+INC_SET,369,7849a1dc,0.005614
RESTRICT+INC_SET,370,e4007b10,0.005015
RESTRICT+INC_SET,371,02ee3f92,0.004659
RESTRICT+INC_SET,372,fe6b924e,0.004165
RESTRICT+INC_SET,373,83d25f94,0.003362
RESTRICT+INC_SET,374,43ac5a04,0.003260
RESTRICT+INC_SET,375,2442d146,0.002697
RESTRICT+INC_SET,376,37bcfd05,0.002374
RESTRICT+INC_SET,377,94ee526e,0.002279
RESTRICT+INC_SET,378,f9e5c8d0,0.001330
RESTRICT+INC_SET,379,47c4bb45,0.001253
RESTRICT+INC_SET,380,06539072,0.000398
RESTRICT+INC_SET,381,748d32d0,0.000346
RESTRICT+INC_SET,382,5abf360f,0.000340
RESTRICT+INC_SET,383,fc140eac,0.000291
RESTRICT+INC_SET,384,f2a8d970,0.000284
RESTRICT+INC_SET,385,970d15f7,0.000109
RESTRICT+INC_SET,386,dca4f063,0.000092
RESTRICT+INC_SET,387,d759e34e,0.000001
RESTRICT+INC_SET,388,9443ca8c,0.000001
RESTRICT+INC_SET,389,994d7692,0.000001
RESTRICT+INC_SET,390,67998518,0.000001
RESTRICT+INC_SET,391,6e74a9f1,0.000000
RESTRICT+INC_SET,392,072fdd40,0.000000
RESTRICT+INC_SET,393,d2aa3bc8,0.000000
RESTRICT+INC_SET,394,53f3c691,0.000000
RESTRICT+INC_SET,395,450cd87d,0.000000
RESTRICT+INC_SET,396,3d6b382d,0.000000
RESTRICT+INC_SET,397,c67f809c,0.000000
RESTRICT+INC_SET,398,2819775f,0.000000
RESTRICT+INC_SET,399,b4ca7287,0.000000
